"1";"DEMONTERINGSOBJEKT (endast delförsäljning)"
"2";"BILD"
"1001";"SKÄRM FRAM VÄ"
"1002";"SKÄRM FRAM HÖ"
"1003";"SKÄRM INNER"
"1004";"FRONTKORG"
"1005";"FRONTPLÅT"
"1006";"KYLFLÄKTKÅPA"
"1007";"FRONT HUVLÅSPLÅT/BALK"
"1008";"SPOILER FRAM"
"1009";"LIST/LISTER ÖVRIGT"
"1010";"GRILL/GALLER"
"1011";"GRILLDEL VÄ"
"1012";"GRILLDEL HÖ"
"1013";"EMBLEM"
"1014";"GRILLSARG"
"1015";"GRILL KOMPL."
"1016";"EXTRALJUS FÄSTE/HÅLLARE"
"1017";"FRONTPLÅT ÖVRE"
"1018";"FRONTPLÅT UNDRE"
"1019";"GRILLDEL MITT"
"1020";"STRÅLKASTARE"
"1021";"STRÅLKASTARE VÄ"
"1022";"STRÅLKASTARE HÖ"
"1023";"STRÅLKASTARSARG VÄ"
"1024";"STRÅLKASTARSARG HÖ"
"1025";"EXTRALJUS"
"1026";"STRÅLKASTARGLAS VÄ"
"1027";"STRÅLKASTARGLAS HÖ"
"1028";"BLINKERS SIDOBLINKERS HÖ"
"1029";"BLINKERS SIDOBLINKERS VÄ"
"1030";"DIMLJUS/VARSELLJUS FRAM"
"1031";"BLINKERS FRAM VÄ"
"1032";"BLINKERS FRAM HÖ"
"1033";"BLINKERSGLAS FRAM VÄ"
"1034";"BLINKERSGLAS FRAM HÖ"
"1035";"BLINK.INSATS/LAMPH.FR.VÄ."
"1036";"BLINK.INSATS/LAMPH.FR.HÖ."
"1037";"POSITIONSLJUS FRAM VÄ"
"1038";"POSITIONSLJUS FRAM HÖ"
"1039";"STRÅLKAST.AUT.JUST.MOTOR"
"1040";"STRÅLKASTARTORK.MOTOR"
"1041";"STRÅLKASTARTORK.MOTOR VÄ"
"1042";"STRÅLKASTARTORK.MOTOR HÖ"
"1043";"STRÅLKASTARTORKARARM"
"1044";"SPOLARMUNSTYCKE STRÅLKASTARE"
"1045";"SPOLARPUMP HÖGTRYCK/STRÅLKASTARE"
"1046";"TORKARBLAD STRÅLKASTARE"
"1047";"SPOLARTANK STRÅLKASTARE"
"1048";"SPOLARTANK VINDRUTA"
"1049";"SPOLARMUNSTYCKE RUTOR"
"1050";"STÖTFÅNGARE FRAM"
"1051";"STÖTFÅNGARDEL FRAM VÄ"
"1052";"STÖTFÅNGARDEL FRAM HÖ"
"1053";"STÖTFÅNGARDEL FRAM MITT"
"1054";"STÖTFÅNGARBÄRJÄRN FRAM"
"1055";"FRONTSKYDD/VILTBÅGE"
"1056";"STÖTFÅNGARLIST FRAM"
"1057";"STÖTFÅNGARBALK FRAM"
"1058";"STÖTFÅNGARDÄMPARE FRAM"
"1059";"STÖTFÅNGAR DEFORM.ELEMENT FRAM"
"1060";"STÖTFÅNGARBEKLÄDNAD FRAM"
"1061";"STÖTFÅNGARHORN FRAM VÄ"
"1062";"STÖTFÅNGARHORN FRAM HÖ"
"1063";"HUV STAG/PINNE"
"1064";"HUVSPÄRR"
"1065";"HASPLÅT PLÅT/PLAST"
"1066";"HUVLÅS"
"1067";"HJULHUS VÄ"
"1068";"HJULHUS HÖ"
"1069";"HUVLÅS VAJER/SPAK"
"1070";"HUV FRAM"
"1071";"HUVGÅNGJÄRN"
"1072";"GASFJÄDER MOTORHUV"
"1073";"SPOLARTANK VINDRUTA/STRÅL"
"1074";"TORPEDPLÅT/TORPEDPLAST"
"1075";"NIVÅGIVARE SPOLARTANK"
"1076";"STRÅLKASTAR.HUS"
"1077";"STRÅLKASTARHUS VÄ"
"1078";"STRÅLKASTARHUS HÖ"
"1079";"BLINKERSSARG VÄ"
"1080";"BLINKERSSARG HÖ"
"1081";"STRÅLKASTHUS ÖPPNINGSB.VÄ"
"1082";"STRÅLKASTHUS ÖPPNINGSB.HÖ"
"1083";"STRÅLKASTARREFLEKTOR VÄ"
"1084";"STRÅLKASTARREFLEKTOR HÖ"
"1085";"SPOLARTANK PÅFYLLNINGSRÖR"
"1086";"STRÅLKASTARMOTOR HUSÖPPNARE"
"1087";"STRÅLKASTARMOTOR HUSÖPPNARE VÄ"
"1088";"STRÅLKASTARMOTOR HUSÖPPNARE HÖ"
"1089";"ROTORLJUS"
"1090";"STRÅLKAST. FÄSTSARG"
"1091";"DIMLJUSSARG FRAM"
"1092";"LAMPHÅLLARE ÖVRIGT"
"1093";"STRÅLKASTARGLÖDLAMPA XENON"
"1094";"HÖGTALARE MOTORLJUD EL-BIL"
"1095";"FRONTPARTI"
"1096";"FRONTPARTI MED TAK"
"1097";"STÖTFÅNGARFÄSTE FRAM VÄ"
"1098";"STÖTFÅNGARFÄSTE FRAM HÖ"
"1099";"FRONT ÖVRIGT"
"1100";"LIST FRAM/HUV/FRONT"
"1101";"LIST VÄ"
"1102";"LIST HÖ"
"1103";"LIST BAK/BAKLUCKA"
"1104";"STYRLIST RUTA"
"1105";"LIST FRAMSKÄRM VÄ"
"1106";"LIST FRAMSKÄRM HÖ"
"1107";"DÖRR DEKORLIST FRAM VÄ"
"1108";"DÖRR DEKORLIST FRAM HÖ"
"1109";"DÖRR DEKORLIST BAK VÄ"
"1110";"DÖRR DEKORLIST BAK HÖ"
"1111";"SKÄRMFÄSTE FRAM VÄ"
"1112";"SKÄRMFÄSTE FRAM HÖ"
"1120";"DEFLEKTOR/LUFTINTAG PLÅT/PLAST"
"1130";"TÄCKPLAST FRONT"
"1201";"RP TRÖSKEL YTTRE VÄ"
"1202";"RP TRÖSKEL YTTRE HÖ"
"1203";"RP TRÖSKEL INRE VÄ"
"1204";"RP TRÖSKEL INRE HÖ"
"1211";"RP DÖRR 2DRS VÄ"
"1212";"RP DÖRR 2DRS HÖ"
"1213";"RP DÖRR FRAM VÄ"
"1214";"RP DÖRR FRAM HÖ"
"1215";"RP DÖRR BAK VÄ"
"1216";"RP DÖRR BAK HÖ"
"1231";"RP FRAMSKÄRMSFÄSTE VÄ"
"1232";"RP FRAMSKÄRMSFÄSTE HÖ"
"1241";"RP SKÄRMKANT BAK 2D VÄ"
"1242";"RP SKÄRMKANT BAK 2D HÖ"
"1243";"RP SKÄRMKANT BAK INRE VÄ"
"1244";"RP SKÄRMKANT BAK INRE HÖ"
"1245";"RP SKÄRMKANT BAK 4D VÄ"
"1246";"RP SKÄRMKANT BAK 4D HÖ"
"1251";"RP SIDOPLÅT FR. BAKHJ.VÄ"
"1252";"RP SIDOPLÅT FR. BAKHJ.HÖ"
"1253";"RP SIDOPLÅT BA. BAKHJ.VÄ"
"1254";"RP SIDOPLÅT BA. BAKHJ.HÖ"
"1261";"RP RESERVHJULSBALJA VÄ"
"1262";"RP RESERVHJULSBALJA HÖ"
"1263";"RP DÖRRSPEGEL 2D VÄ"
"1264";"RP DÖRRSPEGEL 2D HÖ"
"1265";"RP DÖRRSPEGEL 4D FRAM VÄ"
"1266";"RP DÖRRSPEGEL 4D FRAM HÖ"
"1267";"RP DÖRRSPEGEL 4D BAK VÄ"
"1268";"RP DÖRRSPEGEL 4D BAK HÖ"
"1299";"RP ÖVRIGT"
"1710";"FÄRDSKRIVARE"
"2000";"LUFTFILTER"
"2001";"BRÄNSLEFILTER"
"2002";"OLJEFILTER"
"2003";"OLJA MOTOR"
"2004";"OLJA VÄXELLÅDA MAN"
"2005";"OLJA AUTOMAT"
"2006";"BROMSVÄTSKA"
"2007";"OLJA FÖRGASARE"
"2008";"OLJA BAKAXEL"
"2009";"OLJA VINKELVÄXEL/FÖRDELNINGSLÅDA"
"2010";"OLJA STYRSERVO"
"2011";"SPOLARTANK LOCK"
"2012";"KYLVÄTSKEFILTER"
"2014";"AVFETTNINGSMEDEL"
"2015";"FROSTSKYDD"
"2016";"KYLARVÄTSKA"
"2017";"GLYKOL"
"2018";"SPOLARVÄTSKA"
"2019";"MONTERINGSSATS"
"2020";"URTRAMPNINGSLAGER"
"2021";"SVÄNGHJULSLAGER"
"2022";"HJULLAGER/SATS"
"2023";"KAMAXEL POSITIONSGIVARE"
"2024";"KAMAXELDRIVNING KUGGDREV AVGAS"
"2025";"KAMAXELDRIVNING KUGGDREV INSUG"
"2026";"KAMAXELDRIVNING KUGGDREV VEVAXEL"
"2027";"KAMAXELDRIVNING KUGGDREV ÖVRIGA"
"2028";"KAMAXEL VVT ENHET (VANOS)"
"2029";"KAMDREVSATS"
"2030";"KAMAXELREM"
"2031";"KAMAXELKEDJA"
"2039";"KNUTKORS"
"2040";"BROMSBELÄGG FRAM"
"2041";"BROMSBELÄGG BAK"
"2050";"AVGAS BAKRE DÄMPARE"
"2051";"AVGAS MELLANDÄMPARE"
"2052";"AVGAS FRÄMRE RÖR"
"2053";"AVGAS MONTERINGSDETALJER"
"2054";"AVGAS MELLANRÖR"
"2055";"AVGAS ÄNDRÖR"
"2060";"PACKNINGSSATS"
"2061";"SOTNINGSSATS"
"2064";"PACKNING AVGASGRENRÖR"
"2065";"PACKNING INSUGNINGSRÖR"
"2066";"PACKNING AVGASRÖR"
"2067";"PACKNING VENTILKÅPA"
"2069";"PACKNING OLJETRÅG"
"2070";"KOLVRINGSATS"
"2071";"PACKBOX"
"2072";"AVGASVENTIL"
"2073";"INSUGSVENTIL"
"2074";"RAMLAGER"
"2075";"VEVSTAKSLAGER"
"2076";"VENTILSTYRNING/AR"
"2077";"VENTILTÄTNINGAR"
"2078";"KOLVAR"
"2079";"TÄNDSTIFT"
"2080";"KAMSTÄLLNINGSVENTIL"
"2081";"AGGREGATREM/FLÄKTREM"
"2082";"PACKNING OLJELOCK/OLJERÖR/OLJEPLUGG"
"2083";"PACKNING TOPPLOCK"
"2084";"PACKNING SPJÄLLHUS"
"2085";"PACKNING VATTENPUMP"
"2086";"PACKNING VÄXELLÅDA"
"2087";"PACKNING BAKAXEL"
"2088";"PACKNING FÖRGASARE"
"2101";"BILVAX"
"2105";"BILSCHAMPO"
"2110";"SKYDDSHANDSKAR"
"2115";"BATTERILADDARE"
"2116";"VARNINGSTRIANGEL"
"2126";"BROMSOKSFÄRG"
"2127";"FÄRG ÖVRIGT"
"2128";"VERSTADSUTRUSTNING"
"2129";"GLÖDLAMPA ÖVRIGT"
"2130";"STYLING / TUNING"
"2131";"GLÖDLAMPA HALOGEN"
"2132";"GLÖDLAMPA LED"
"2999";"BILTILLBEHÖR ÖVRIGT"
"3000";"DÖRR DEFORMATIONSELEMENT"
"3001";"DÖRR 2D VÄ"
"3002";"DÖRR 2D HÖ"
"3003";"DÖRRGÅNGJÄRN"
"3004";"LÅSCYLINDER/CYLINDRAR"
"3005";"DÖRRUTA 2D VÄ"
"3006";"DÖRRUTA 2D HÖ"
"3007";"DÖRRHANDTAG YTTRE VÄ"
"3008";"DÖRRHANDTAG YTTRE HÖ"
"3009";"LÅSSATS/DÖRRAR"
"3010";"LÅSKISTA/DÖRRLÅS"
"3011";"DÖRR FRAM VÄ"
"3012";"DÖRR FRAM HÖ"
"3013";"DÖRR BAK VÄ"
"3014";"DÖRR BAK HÖ"
"3015";"DÖRRSTOPP"
"3016";"DÖRRUTA FRAM VÄ"
"3017";"DÖRRUTA FRAM HÖ"
"3018";"DÖRRUTA BAK VÄ"
"3019";"DÖRRUTA BAK HÖ"
"3020";"DÖRRUTERAM"
"3021";"DÖRR VENTRUTA FRAM"
"3022";"DÖRR GUMMILIST"
"3023";"FÖNSTERHISSMEKANISM"
"3024";"FÖNSTERHISS EL KOMPL."
"3025";"FÖNSTERHISSMOTOR"
"3026";"SPEGELGLAS HÖ"
"3027";"SPEGELGLAS VÄ"
"3028";"DÖRRÖPPNARE AUTOMATISK"
"3029";"DÖRRFACK"
"3030";"SKJUTDÖRR GÅNGJÄRN/RULLAR"
"3031";"SPEGEL YTTRE VÄ"
"3032";"SPEGEL YTTRE HÖ"
"3033";"SPEGEL REGLERMOTOR"
"3034";"VINDRUTERAM"
"3035";"VINDRUTA"
"3036";"SIDORUTA BAK VÄ/KAROSS"
"3037";"SIDORUTA BAK HÖ/KAROSS"
"3038";"TAKLUCKA VINDAVISARE"
"3039";"TAKRELING/TAKRÄCKE"
"3040";"TAKLUCKA"
"3041";"SPEGEL YTTRE JUSTERBAR VÄ"
"3042";"SPEGEL YTTRE JUSTERBAR HÖ"
"3043";"SPEGEL YTTRE EL VÄ"
"3044";"SPEGEL YTTRE EL HÖ"
"3045";"TAK / GLASTAK"
"3046";"TAKLUCKSMOTOR"
"3047";"TAKLUCKSVEV"
"3048";"VINDAVVISARE/TAKKÅPA"
"3049";"TAKBOX"
"3050";"DÖRR VÄ/HÖ SIDO-SKJUTDÖRR"
"3051";"HYTT"
"3052";"FLAKKÅPA/SKÅP"
"3053";"FLAK"
"3054";"LASTLUCKA SIDA VÄ HÖ"
"3055";"FLAKLÄM"
"3056";"GLIDSKENA SKJUTDÖRR HÖ"
"3057";"GLIDSKENA SKJUTDÖRR VÄ"
"3058";"SIDOKJOL HÖ"
"3059";"SIDOKJOL VÄ"
"3060";"HARDTOPP TILL CABRIOLET"
"3061";"CAB. STÄLLNING/SUFLETT"
"3062";"KJOLPAKET"
"3063";"CAB. MOTOR"
"3064";"VENTILATIONSRUTA ÖPPNINGSMEKANISM"
"3065";"DÖRRUTA FRAM LILLA VÄ"
"3066";"DÖRRUTA FRAM LILLA HÖ"
"3067";"DÖRRUTA BAK LILLA VÄ"
"3068";"DÖRRUTA BAK LILLA HÖ"
"3069";"DÖRRUTA BAK VAN/SKÅP VÄ"
"3070";"DÖRRUTA BAK VAN/SKÅP HÖ"
"3071";"DÖRR SIDO-SKJUTDÖRR VÄ"
"3072";"DÖRR SIDO-SKJUTDÖRR HÖ"
"3073";"SPEGEL YTTRE KÅPA/RAM/HUS VÄ"
"3074";"SPEGEL YTTRE KÅPA/RAM/HUS HÖ"
"3085";"RAM"
"3090";"KAROSS"
"3095";"FOTSTEG"
"3096";"GASFJÄDER ÖVRIGT"
"3097";"GASFJÄDER FLAKLOCK / FLAKKÅPA"
"3098";"LASTBÅGE/LASTGALLER FLAK"
"3099";"MITTPARTI ÖVRIGT"
"3100";"INREDNING STOLAR/SÄTEN KOMP."
"3101";"INREDNING STOL FRAM VÄ"
"3102";"INREDNING STOL FRAM HÖ"
"3103";"INREDNING SITTDYNA BAK"
"3104";"INREDNING RYGGDYNA BAK"
"3105";"INREDNING BAKSÄTE"
"3106";"INRED.STOL REGLERMOTOR FR"
"3107";"INRED.STOL REGLERMOTOR BA"
"3108";"INREDNING EXTRASÄTE"
"3109";"INREDNING STOL BAK"
"3110";"INREDNING KOMP."
"3111";"DÖRRKLÄDSEL VÄ"
"3112";"DÖRRKLÄDSEL HÖ"
"3115";"DÖRRHANDTAG STÄNG/ÖPPNARE VÄ"
"3116";"DÖRRHANDTAG STÄNG/ÖPPNARE HÖ"
"3117";"INREDNING STOLSUNDERREDE"
"3118";"FÖNSTERVEV"
"3119";"SÄKERHETSBÄLTE EXTRASÄTE"
"3120";"SÄKERHETSBÄLTESLÅS/STOPP"
"3121";"SÄKERHETSBÄLTE FRAM VÄ"
"3122";"SÄKERHETSBÄLTE FRAM HÖ"
"3123";"SÄKERHETSBÄLTE BAK VÄ"
"3124";"SÄKERHETSBÄLTE BAK HÖ"
"3125";"SÄKERHETSBÄLTSATS FRAM"
"3126";"SÄKERHETSBÄLTSATS BAK"
"3127";"SÄKERHETSBÄLTE BAK MITT"
"3128";"INNERBELYSNING"
"3129";"INNERBELYSNING DÖRRBELYSNING"
"3130";"SOLSKYDD"
"3131";"BILBARNSTOL"
"3132";"INREDNING NACKSTÖD"
"3133";"INREDNING ARMSTÖD"
"3134";"INREDNING SKIDFACK BAKSÄTE"
"3135";"HATTHYLLA"
"3136";"INREDNING TAKKONSOL"
"3138";"MATTA"
"3140";"INNERTAK"
"3141";"INNERTAK FÖRVARINGSFACK"
"3142";"ASKKOPP"
"3144";"ÖVERVAKNINGSKAMERA INVÄNDIG"
"3145";"SPEGEL INVÄNDIG"
"3146";"INREDNING SIDOKLÄDSEL"
"3147";"INREDNING BAKSTAM"
"3148";"HUNDGALLER/GRIND/BUR"
"3149";"LASTSÄKRING/FÄSTE/ÖGLA"
"3150";"LASTFÖRSKJUTNINGSSKYDD / GALLER"
"3151";"STOLPKLÄDSEL A/B/C"
"3152";"BAGAGERUMKLÄDSEL/GOLV"
"3153";"TRÖSKEL/INSTEG"
"3154";"STOLFACK"
"3155";"TUNNELFACK"
"3156";"DOKUMENTHÅLLARE"
"3160";"SÄKERHETSBÄLTESJUSTERING"
"3161";"SÄKERHETSBÄLTE MITTRE VÄ"
"3162";"SÄKERHETSBÄLTE MITTRE HÖ"
"3163";"SÄKERHETSBÄLTE MITTRE MITT"
"3164";"SÄKERHETSBÄLTE FRAM MITT"
"3197";"INREDNING CLIPS"
"3198";"BAKRUTEJALUSI"
"3199";"INREDNING ÖVRIGT"
"3200";"KONTROLLPANEL MC"
"3201";"INSTRUMENT HUS MC"
"3203";"CIG.TÄNDARE"
"3204";"INSTRUMENTSARG"
"3205";"INSTR.BRÄDA STÖTSKYDD"
"3206";"INSTRUMENT/RADIOSARG"
"3207";"HANDSKFACK"
"3208";"HANDSKFACKLUCKA"
"3209";"HANDSKFACKLÅS"
"3210";"INSTRUMENTKONSOLL MITT"
"3211";"MUGGHÅLLARE"
"3212";"HANDSKFACK DÄMPARE"
"3217";"VAKUUM/EKONOMI/TURBOTRYCKSMÄTARE"
"3218";"BENSINMÄTARE MC"
"3219";"INSTRUMENT YTTERTEMP."
"3220";"KOMBINERAT INSTRUMENT"
"3221";"INSTRUMENT HAST"
"3222";"INSTRUMENT BRÄNSLE/TEMP"
"3223";"INSTRUMENT TEMP."
"3224";"VARVRÄKNARE"
"3225";"INSTRUMENT OLJETEMP / OLJETRYCK"
"3226";"INSTRUMENT VOLTM."
"3227";"INSTRUMENT AMPERE"
"3228";"INSTRUMENT KLOCKA"
"3229";"INSTRUMENTKONSOLL GOLV"
"3230";"KONTROLLDISPLAY"
"3231";"INSTRUMENT VÄXLINGSINDIKATOR"
"3232";"SUMMER"
"3235";"GPS NAVIGATOR"
"3236";"STYRENHET AUTOPILOT"
"3240";"RATTKÅPA/KÅPOR"
"3245";"VÄRMEREGLAGE"
"3251";"INSTRUMENTBRÄDA"
"3299";"INSTRUMENT ÖVRIGT"
"3399";"STYRENHET TAKLUCKA"
"3401";"STRÖMSTÄLLARE TAKLUCKA"
"3402";"STRÖMSTÄLLARE DIMLJUS FRAM/BAK"
"3403";"STRÖMSTÄLLARE EXTRALJUS"
"3404";"STRÖMSTÄLLARE STOLVÄRME"
"3405";"STRÖMSTÄLLARE AIRBAG PASSAGERARE"
"3406";"STRÖMSTÄLLARE PARKERINGSHJÄLP"
"3407";"STRÖMSTÄLLARE ARBETSBELYSNING"
"3408";"STRÖMSTÄLLARE DRAGKROK"
"3409";"STRÖMSTÄLLARE DÄCKTRYCKSKONTROLL"
"3410";"STRÖMSTÄLLARE DÖRRÖPPNARE"
"3411";"STRÖMSTÄLLARE FYRHJULSDRIFT"
"3412";"STRÖMSTÄLLARE FÖRHÖJD TOMGÅNG"
"3420";"STARTSPÄRRSKONTAKT"
"3421";"STARTKNAPP PERSONBIL"
"4501";"AC EXPANSIONSVENTIL"
"4503";"NIVÅ/LUFTFJÄDRING SENSOR"
"4504";"NIVÅ/LUFTFJÄDRING BÄLG"
"4505";"MOTORVÄRMARSLADD FAST"
"4506";"STÖTFÅNGARE UTFYLLNAD/LIST/GRILL"
"4507";"STÖTF.SIDOSTYCKE MELLANLÄGG"
"4508";"STÖTFÅNGARHORN BAK VÄ"
"4509";"STÖTFÅNGARHORN BAK HÖ"
"4510";"LASTMATTA/SKYDD"
"4511";"LASTNÄT"
"4512";"HATTHYLLA SIDOSTYCKE VÄ"
"4513";"HATTHYLLA SIDOSTYCKE HÖ"
"4514";"KOPPLING TRYCKPLATTA"
"4515";"DIM 000-23"
"4516";"DIM 000-24"
"4517";"DIM 000-25"
"4518";"DIM 000-26"
"4519";"DIM 000-27"
"4520";"DIM 000-28"
"4521";"DÖRRKLÄDSEL INLÄGG/LIST VÄ"
"4522";"DÖRRKLÄDSEL INLÄGG/LIST HÖ"
"4523";"MELLANAXEL BALK"
"4524";"HANDBROMSSPAK DAMASK/SKYDD"
"4525";"PARKERINGSBROMS ÖVRIGT"
"4526";"PARKERINGSBROMS PEDALSTÄLL"
"4527";"SKÄRM HÖRN UTFYLLNAD BAK"
"4528";"SKÄRM HÖRN UTFYLLNAD FRAM"
"4529";"TANKLUCKA VAJER"
"4530";"KOLKANISTER VENTIL"
"4531";"STRÖMSTÄLLARE BRÄNSLE OKTAN"
"4532";"SÄKRINGSDOSA/ELCENTRAL LOCK"
"4533";"HUV LUFTINTAG"
"4534";"HJULLAGERHUS BAK VÄ"
"4535";"HJULLAGERHUS BAK HÖ"
"4536";"INJ.BRÄNSLE BACKVENTIL/ACKUM."
"4537";"INREDNING SOFFA FRAM RYGG"
"4538";"INREDNING SOFFA FRAM SITS"
"4539";"INREDNING SOFFA FRAM KOMPLETT"
"4540";"LIST SKÄRMKANT"
"4541";"GIVARE TEMPERATUR OLJA"
"4542";"OLJEKYLARE SERVOSTYRNING"
"4543";"OLJEKYLARE AUTOMAT"
"4544";"OLJA PÅFYLLNINGSLOCK"
"4545";"OLJA PÅFYLLNINGSRÖR"
"4546";"OLJEFÄLLA"
"4547";"KYLARE PÅFYLLNINGSLOCK"
"4548";"BAKAXEL FÄSTE"
"4549";"BAKAXEL KUDDE"
"4551";"REPARERBART FORDON TILL SALU"
"4552";"VEVLAGER"
"4553";"KURVHANDTAG I TAK"
"4554";"GIVARE OLJENIVÅ VAKT"
"4555";"VÄXELSPAKSKNOPP"
"4556";"VERKSTADSHANDBOK"
"4557";"HÖGTALARE GALLER"
"4558";"STYRSNÄCKA SERVO"
"4559";"STRÖMSTÄLLARE AC"
"4560";"STRÖMSTÄLLARE FARTHÅLL.HUVUD"
"4561";"STRÖMSTÄLLARE CENTRALLÅS"
"4562";"STRÖMSTÄLLARE TANKLUCKA"
"4564";"STRÖMSTÄLLARE BACKLJUSKONTAKT"
"4565";"STRÖMSTÄLLARE NIVÅREGLERING"
"4566";"STRÖMSTÄLLARE BAKLUCKA"
"4567";"STRÖMSTÄLLARE TORK/SPOL BAKR"
"4569";"STYRSTAG (UTAN LED) MITT"
"4570";"STYRSTAG (UTAN LED) VÄ"
"4571";"STYRSTAG (UTAN LED) HÖ"
"4572";"VÄXELLÅDA MAN. 3 VXL"
"4573";"VÄXELLÅDA MAN. 7 VXL"
"4574";"BAKLUCKA/FLAKLÄM VAJER"
"4575";"LÅSKISTA BAKLUCKA"
"4576";"TARGA TOP"
"4577";"BLINK.INSATS/LAMPH.BAK.VÄ"
"4578";"BLINK.INSATS/LAMPH.BAK.HÖ"
"4579";"BLINKERSGLAS BAK VÄ"
"4580";"BLINKERSGLAS BAK HÖ"
"4581";"VENTIL DÄCK"
"4582";"VENTIL LYFTARE"
"4583";"SIDORUTA SPÄNNE"
"4584";"MEDBRINGARE VÄXEL"
"4585";"INSTRUMENT LUTNINGSINDIKATOR"
"4586";"SIDORUTA ÖPPN/KAROSS HÖ"
"4587";"SIDORUTA ÖPPN/KAROSS VÄ"
"4588";"SIDORUTA FRÄMRE HÖ/KAROSS"
"4589";"SIDORUTA FRÄMRE VÄ/KAROSS"
"4590";"RELÄ BENSIN/DIESELVÄRMARE"
"4591";"RELÄ DIMMER"
"4592";"RELÄ SPOLNING"
"4593";"RELÄ TAKLUCKSMOTOR"
"4594";"RELÄ VÄRMEFLÄKT"
"4595";"STRÖMSTÄLLARE ANTENN"
"4596";"STRÖMSTÄLLARE INNERBELYSNING"
"4597";"STRÖMSTÄLLARE STRÅLKASTARTORK"
"4598";"STRÖMSTÄLLARE FADER/HÖGTALARE"
"4599";"STRÖMSTÄLLARE TORKARINTERVALL"
"4600";"STRÖMSTÄLLARE BARNLÅS"
"4601";"INSTRUMENTBRÄDA /SPARKSKYDD"
"4602";"DÖRR VENTRUTA FRAM LÅSANORDN."
"4603";"BAKLUCKEHANDTAG INRE"
"4604";"BENSINKRAN BIL"
"4605";"BLINKERS BAK KOMPL HÖ"
"4606";"BLINKERS BAK KOMPL VÄ"
"4607";"CENTRALLÅSKONTAKT/DÖRRKONTAKT"
"4608";"MOBILTELEFONLADDARE"
"4609";"GIVARE INLOPPSLUFT TEMPERATUR"
"4610";"HANDSFACK INSATS"
"4611";"INSTRUMENTBRÄDA INLÄGG/DEKORLIST"
"4612";"KAMKEDJE/KAMREM SPÄNNARE"
"4613";"KAMKEDJA/KAMREM STYRSKENA/RULLE"
"4614";"KYLARSLANG FÄST PÅ MOTOR"
"4615";"MELLANAXEL FRÄMRE 4WD"
"4616";"DIMLJUS/REFLEX BAK"
"4617";"RADIO/STEREO KASSETTBANDSP."
"4618";"REMSPÄNNARE FLÄKTREM"
"4619";"SOLSENSOR/SKYMNINGSSENSOR"
"4620";"SPEGEL INVÄNDIG EL"
"4621";"STRÖMSTÄLLARE SKYMNING"
"4622";"STRÖMSTÄLLARE STOLMINNE"
"4623";"STRÖMSTÄLLARE DIFFSPÄRR"
"4624";"VÄXELLÅDSKUDDE"
"4625";"AVGASKYLARE"
"4626";"BILDSKÄRM"
"4627";"CD-VÄXLARE"
"4628";"INJ.SPRIDARE FÖRKOPPL.MOTSTÅND"
"4629";"INSTRUMENTBRÄDA FÖRVARINGSFACK"
"4630";"KOPPLING SLANG/RÖR"
"4631";"OLJEKYLARE BAKAXEL"
"4632";"OLJEPUMP BAKAXEL"
"4633";"OLJEPUMP VÄXELLÅDA"
"4634";"RADIO/STEREO FÖRSTÄRKARE"
"4635";"ANTENNFÖRSTÄRKARE"
"4636";"STRÖMSTÄLLARE CIRKULATION/LUFT"
"4637";"TÄNDNING KONDENSATOR"
"4638";"DVD SPELARE"
"4639";"SIDORUTA BAK - DEKORLIST"
"4640";"SIDORUTA BAK - GUMMILIST"
"4641";"BAKRUTA - DEKORLIST"
"4642";"BAKRUTA - GUMMILIST"
"4643";"VINDRUTA - DEKORLIST"
"4644";"VINDRUTA - GUMMILIST"
"4645";"GIVARE GASPEDAL"
"4646";"GIVARE NIVÅVAKT BROMSVÄTSKA"
"4647";"GIVARE NIVÅVAKT KYLARVÄTSKA"
"4648";"GIVARE NIVÅ EXPANSIONSKÄRL"
"4649";"AC INNERTEMPERATUR SENSOR"
"4650";"TANKLUCKA LÅS"
"4651";"VINDAVVISARE DÖRR"
"4652";"NAVKAPSEL SATS"
"4653";"RATTNAV"
"4654";"BRÄNSLEKYLARE"
"4655";"RESERVDELSMOTOR"
"4656";"RESERVDELSVÄXELLÅDA"
"4657";"FÖRPUMP DIESEL"
"4658";"LÅS HARDTOPP/CAB"
"4659";"KONDENSATOR START/STOPP"
"4660";"START/STOPP ÖVRIGT"
"4700";"STRÖMSTÄLLARE VINDRUTESPOLNING"
"4701";"STRÖMSTÄLLARE TORKARE"
"4730";"RELÄ VÄXELINDIKATOR"
"4732";"RELÄ TOMGÅNGSSTABILISATOR"
"4733";"RELÄ BÄLTESVARNARE"
"4734";"RELÄ OLJETRYCKSGIVARE"
"4735";"RELÄ BRÄNSLEFÖRBRUKNINGSMÄTARE"
"4736";"RELÄ STRÅLKASTARRENGÖRING"
"4737";"RELÄ KYLVÄTSKEVARNING"
"4738";"RELÄ SPÄNNINGSOMVANDLARE"
"4739";"RELÄ DRAGKROK"
"5001";"SKÄRM BAK VÄ"
"5002";"SKÄRM BAK HÖ"
"5003";"SKÄRMBREDDARE"
"5004";"STÄNKSKYDD"
"5005";"SPOILER BAKLUCKA"
"5006";"KJOLSPOILER BAK"
"5007";"BAKLUCKEÖPPNARE"
"5008";"INREDNING BAKLUCKEKLÄDSEL"
"5009";"LÅS/BAKLUCKELÅS"
"5010";"BAKLUCKA (EJ MED RUTA)"
"5011";"BAKLUCKEGÅNGJÄRN VÄ"
"5012";"BAKLUCKEGÅNGJÄRN HÖ"
"5013";"BAKLUCKA CC/KOMBI-SEDAN"
"5014";"GASFJÄDER BAKLUCKA"
"5015";"BAKLUCKA KOMBI/VAN"
"5016";"DÖRR BAK VAN/SKÅP VÄ"
"5017";"DÖRR BAK VAN/SKÅP HÖ"
"5018";"TANKLUCKA"
"5019";"TANKLOCK"
"5020";"BAKLUCKEHANDTAG"
"5021";"BAGAGE GOLV"
"5022";"BAKLUCKA ÖVRE"
"5023";"BAKLUCKA NEDRE"
"5024";"PARKERINGSHJÄLP FRONTSENSOR"
"5025";"PARKERINGSHJÄLP BACKSENSOR"
"5026";"SENSOR ADAPTIV FARTHÅLLARE"
"5027";"SENSOR AKTIVT KOLLISIONSSKYDD"
"5028";"STÖTFÅNGAR DEFORM.ELEMENT BAK"
"5029";"STÖTFÅNGARBALK BAK"
"5030";"STÖTFÅNGARE BAK"
"5031";"STÖTFÅNGARDEL BAK VÄ"
"5032";"STÖTFÅNGARDEL BAK HÖ"
"5033";"STÖTFÅNGARBEKLÄDNAD BAK"
"5034";"STÖTFÅNGARDÄMPARE BAK"
"5035";"STÖTFÅNGARDEL BAK MITT"
"5036";"STÖTFÅNGARLIST BAK"
"5037";"STÖTFÅNGARBÄRJÄRN BAK"
"5038";"SKYLTBELYSNING"
"5039";"BROMSLJUS BAKRUTA"
"5040";"BACKLAMPA"
"5041";"BAKLJUS VÄ"
"5042";"BAKLJUS HÖ"
"5043";"BAKLJUS.INSATS/LAMPH.VÄ"
"5044";"BAKLJUS.INSATS/LAMPH.HÖ"
"5045";"POSITIONSLJUS BAK VÄ"
"5046";"POSITIONSLJUS BAK HÖ"
"5047";"BAKLJUS BAKLUCKA VÄ"
"5048";"BAKLJUS BAKLUCKA HÖ"
"5049";"BAKLJUSLAMPHÅLLARE LUCKA"
"5050";"SKYLT BELYSNING FÄSTE"
"5051";"BAKLJUSGLAS VÄ"
"5052";"BAKLJUSGLAS HÖ"
"5053";"BAKLJUSSARG"
"5054";"KAMERA UTVÄNDIG"
"5055";"BAKRUTA"
"5056";"REFLEXRAMP/DEKORRAMP"
"5057";"BRÄNSLE KOLKANISTER"
"5058";"BRÄNSLETANKSBAND / TANKKONSOL"
"5059";"BRÄNSLEPÅFYLLN.RÖR/SLANG"
"5060";"BRÄNSLETANK BENSIN"
"5061";"BRÄNSLETANK INSPRUTNING"
"5062";"BRÄNSLETANK DIESEL"
"5063";"BRÄNSLET.ARMAT.EJ GIVARE"
"5064";"BENSINKRAN MC"
"5065";"INSUGSGUMMI MC"
"5066";"BRÄNSLETANK SKYDDSPLÅT"
"5067";"BRÄNSLETANK GAS"
"5068";"RESERVHJULSSKYDD"
"5069";"RESERVHJULSHÅLLARE"
"5070";"DRAGKROK / DRAG"
"5071";"CYKELHÅLLARE"
"5072";"DRAGKROK ELSATS"
"5073";"STYRENHET DRAGKROK"
"5074";"STYRENHET BAKLUCKA"
"5075";"SPOLARTANK BAKLUCKA"
"5076";"SPOLARPUMP BAKLUCKA"
"5077";"TORKARMEKANISM BAKRUTA"
"5078";"BRÄNSLETANK PARTIKELFILTER"
"5079";"BRÄNSLE FÖRVÄRMN.MOTSTÅND"
"5080";"ADBLUE TANK"
"5081";"BRÄNSLE GASFÖRDELARE"
"5082";"BRÄNSLE GASREGULATOR"
"5083";"BRÄNSLE GASDRIFT ÖVRIGT"
"5084";"ADBLUE INSPRUTNINGSVENTIL"
"5085";"ADBLUE PUMPMODUL"
"5086";"STYRENHET ADBLUEPUMP"
"5087";"ADBLUE TANKARMATUR"
"5088";"ADBLUE TANKKONSOL"
"5093";"STÖTFÅNGARFÄSTE BAK VÄ"
"5094";"STÖTFÅNGARFÄSTE BAK HÖ"
"5095";"BAKPARTI/KAROSS"
"5096";"BAKPARTI/KAROSS M TAK"
"5097";"PLÅT/CHASSI ÖVRIGT"
"5098";"VENTILATIONSUTSLÄPP BAK"
"5099";"BAKPARTI ÖVRIGT"
"7001";"FRAMVAGN/AXEL"
"7002";"FRAMVAGN FÄSTE/KUDDE"
"7003";"BÄRARMSSTAG FRAM VÄ"
"7004";"BÄRARMSSTAG FRAM HÖ"
"7005";"FRAMVAGNSBALK"
"7006";"KRÄNGNINGSHÄMMARE FRAM"
"7007";"MOTORBALK"
"7008";"STYRSTAG VÄ / MITT / HÖ"
"7009";"STYRSTAGSÄNDE/LED VÄ"
"7010";"STYRSTAGSÄNDE/LED HÖ"
"7011";"BÄRARM FRAM ÖVRE VÄ"
"7012";"BÄRARM FRAM ÖVRE HÖ"
"7013";"BÄRARM FRAM UNDRE VÄ"
"7014";"BÄRARM FRAM UNDRE HÖ"
"7015";"FJÄDER FRAM"
"7016";"BOGSERÖGLA"
"7017";"FJÄDERSKÅL FRAM"
"7018";"STÖTDÄMPARE FRAM"
"7019";"MOMENTSTAG FRAM"
"7020";"FJÄDERBEN FRAM VÄ HÖ"
"7021";"FJÄDERBEN FRAM VÄ"
"7022";"FJÄDERBEN FRAM HÖ"
"7023";"HJULMUTTER/BULT/SATS"
"7024";"NAV FRAM"
"7025";"MEDBRINGARE FRAM"
"7026";"BROMSSKÖLD FRAM"
"7027";"FJÄDER FRAM BLAD"
"7028";"FJÄDERBENSLAGER FRAM"
"7029";"FJÄDER/TORSIONSSTAV"
"7030";"STYRSPINDELLED/KULLED"
"7031";"STYRSPINDEL LAGERHUS VÄ"
"7032";"STYRSPINDEL LAGERHUS HÖ"
"7033";"NAVKAPSEL"
"7034";"FRAMVAGN ANSLAGSGUMMI"
"7035";"FÄLG PLÅT"
"7036";"FÄLG ALUMINIUM"
"7037";"FÄLGSATS PLÅT"
"7038";"FÄLGSATS ALUMINIUM"
"7039";"HJÄLPSTYRARM /SNÄCKA"
"7040";"STYRVÄXEL/SNÄCKA MEKANISK"
"7041";"STYRVÄXEL/SNÄCKA SERVO HYDRAULISK"
"7042";"RATTAXELKNUT"
"7043";"RATTAXEL"
"7044";"RATTAXELRÖR"
"7045";"RATTAXELAGGREGAT"
"7046";"RATTAXELRÖR/AXEL SERVO"
"7047";"RATT.DEFORMATIONSELEMENT"
"7048";"RATTAXELAGG. JUSTERBART"
"7049";"DRIVAXELTAPP FRAM YTTRE"
"7050";"DRIVAXEL FRAM VÄ HÖ"
"7051";"DRIVAXEL FRAM VÄ"
"7052";"DRIVAXEL FRAM HÖ"
"7053";"DRIVKNUT FRAM INRE"
"7054";"DRIVKNUT FRAM YTTRE"
"7055";"STYRSERVOPUMP MEKANISK"
"7056";"STYRSERVOSATS KOMP."
"7057";"STYRSERVOOLJEBEHÅLLARE"
"7058";"STYRNINGSDÄMPARE"
"7059";"STYRSERVOPUMPSFÄSTE"
"7060";"RATT"
"7061";"RATT SIGNALKUDDE"
"7062";"STYRSERVOSLANG/RÖR"
"7063";"STYRSERVO TRYCKVAKT/SENSOR/GIVARE"
"7064";"KOMPRESSOR STÖT/LUFTFJÄDRING"
"7065";"FJÄDR. HYDRAULPUMP"
"7066";"FJÄDR. HYDRAULKLOCKA FRAM"
"7067";"FJÄDR. HYDRAULKLOCKA BAK"
"7068";"FJÄDRING NIVÅREGLERING FRAM"
"7069";"FJÄDRING NIVÅREGLERING BAK"
"7070";"FRAMVAGN DIFFRENTIAL"
"7071";"NAV FRIHJULSNAV"
"7072";"OLJEBEHÅLLARE NIVÅREGLERING"
"7073";"KRÄNGNINGSHÄMMAR FÄSTE/STAG"
"7074";"FJÄDERBENSSTAG"
"7075";"STRÖMFÖRDELARAXEL"
"7076";"FJÄDR. HYDRAULSLANG"
"7077";"HYDRAULSLANG ÖVRIGT"
"7078";"STYRENHET FJÄDRING / NIVÅ LUFTBÄLG"
"7079";"STYRSERVOFILTER"
"7080";"STYRSERVO NIVÅVAKT"
"7081";"STYRSERVOPUMPSLOCK"
"7082";"STYRSERVOPUMP ELEKTRISK"
"7083";"STYRVÄXEL/SNÄCKA ELEKTRISK"
"7084";"NIVÅ/LUFTFJÄDRING TRYCKTANK"
"7085";"STYRNING ÖVRIGT"
"7088";"RATTAXEL VINKELVÄXEL"
"7089";"RATTAXELAGG MED INB SERVO"
"7099";"FRAMVAGN ÖVRIGT"
"7100";"FJÄDER SATS"
"7101";"FJÄDERBEN BAK VÄ"
"7102";"FJÄDERBEN BAK HÖ"
"7103";"FJÄDERBEN BAK VÄ-HÖ"
"7104";"FJÄDERBENSLAGER BAK"
"7105";"FJÄDER BAK"
"7106";"FJÄDER BAK BLAD"
"7107";"BAKVAGN ANSLAGSGUMMI"
"7108";"MOMENTSTAG BAK"
"7109";"FJÄDERSKÅL BAK"
"7110";"DRIVAXEL BAK VÄ-HÖ"
"7111";"DRIVAXEL BAK VÄ"
"7112";"DRIVAXEL BAK HÖ"
"7113";"DRIVKNUT BAK"
"7114";"AXELTAPP FRAM/BAK"
"7115";"MEDBRINGARE BAK"
"7116";"NAV BAK"
"7117";"DRIVAXELTAPP BAK YTTRE"
"7118";"STÖTDÄMPARE BAK"
"7119";"BAKAXELBALK"
"7120";"BÄRARM BAK VÄ-HÖ"
"7121";"BÄRARM BAK VÄ"
"7122";"BÄRARM BAK HÖ"
"7123";"DRIVAXEL DAMASK"
"7124";"BAKRAM/FÄSTBALK/TVÄRBALK"
"7125";"KRÄNG.TVÄRSTAG BAK"
"7126";"KRÄNGNINGSHÄMMARE BAK"
"7127";"BÄRARM BAK ÖVRE VÄ"
"7128";"BÄRARM BAK ÖVRE HÖ"
"7129";"STYRVÄXEL DAMASK"
"7130";"STYRVÄXEL BAK"
"7131";"HJULLAGERHUS-SPINDEL VÄ BAK"
"7132";"HJULLAGERHUS-SPINDEL HÖ BAK"
"7133";"BLADFJÄDERHÄNKE FRAM"
"7134";"BLADFJÄDERHÄNKE BAK"
"7135";"KRÄNGNINGSHÄMMARSTAG FRAM"
"7136";"KRÄNGNINGSHÄMMARSTAG BAK"
"7140";"BAKAXEL"
"7141";"BAKAXELKÅPA"
"7143";"MOTOR ELEKTRISK BAK"
"7144";"STYRENHET ELEKTRISK BAKVÄXEL"
"7145";"BAKVÄXEL/DIFF."
"7146";"BROMSSKÖLD BAK"
"7149";"REPARATIONS KIT DÄCK"
"7150";"HJUL"
"7151";"HJUL RESERVHJUL MINITYP"
"7152";"SOMMARDÄCK MED FÄLG"
"7153";"VINTERDÄCK MED FÄLG"
"7154";"KOMPRESSOR DÄCK"
"7155";"DÄCK"
"7156";"KILOMETERSKATTERÄKNARE"
"7160";"SOMMARDÄCK ALUM.FÄLG 4ST"
"7161";"SOMMARDÄCK PLÅT.FÄLG 4ST"
"7162";"VINTERDÄCK ALUM.FÄLG 4ST"
"7163";"VINTERDÄCK PLÅT.FÄLG 4ST"
"7164";"SPACER / SPACER HJUL"
"7199";"BAKVAGN ÖVRIGT"
"7200";"MOTORKÅPA"
"7201";"MOTOR BENSIN"
"7202";"TOPPLOCK DIESEL"
"7203";"EGR FOT"
"7204";"VIPPARMSBRYGGA/VIPPARM"
"7205";"MOTORBLOCK"
"7206";"TOPPLOCK BENSIN"
"7207";"VEVAXEL"
"7208";"KOLV/STAKE"
"7209";"FÖRGASARANSLUTNING/FOT"
"7210";"VATTENPUMP"
"7211";"VATTENPUMPSHUS/LOCK"
"7212";"EGR STYRVENTIL"
"7213";"TERMOSTATHUS/LOCK"
"7214";"EGR VAKUUMFÖRSTÄRKARE"
"7215";"EGR VENTIL"
"7216";"EGR RÖR"
"7217";"PULSAIRRÖR"
"7218";"PULSAIR BACKVENTIL"
"7219";"FÖRG.INSPRUTNINGSENHET"
"7220";"FÖRGASARE"
"7221";"REMSPÄNNARE"
"7222";"REMSKIVA"
"7223";"KAMAXEL"
"7224";"KAMAXELHUS"
"7225";"FÖRDELARE"
"7226";"OLJEFILTERHÅLLARE"
"7227";"OLJEKYLARE MOTOR"
"7228";"OLJEPUMP MOTOR"
"7229";"OLJETRÅG"
"7230";"SVÄNGHJUL MAN"
"7231";"SVÄNGHJUL AUT"
"7232";"KAMREM/TRANSMISSIONSKÅPA"
"7233";"VENTILKÅPA"
"7234";"BRÄNSLEFILTER/HÅLLARE"
"7235";"BRÄNSLEPUMP MEKANISK"
"7236";"BRÄNSLEPUMP ELEKTRISK"
"7237";"STYRTRYCKSVENTIL/VÄRME"
"7238";"BRÄNSLE FÖRVÄRMN.VENTIL"
"7239";"INJ.SPJÄLLHUSKONTAKT"
"7240";"GRENRÖR KOMBINERAT INSUG/AVGAS"
"7241";"GRENRÖR INSUG."
"7242";"GRENRÖR AVGAS"
"7243";"FÖRDELARLOCK"
"7244";"VIBRATIONSDÄMPARE"
"7245";"LUFTRENARE"
"7246";"LUFTSPJÄLLHUS/TROTTELHUS"
"7247";"INJ.LUFTMASSAMÄTARE"
"7248";"INJ.TILLSATSLUFTSLID"
"7249";"INJ.TOMGÅNGSSTABILISATOR"
"7250";"BRÄNSLE INSP.PUMP BENSIN"
"7251";"INJ.SPRIDARE"
"7252";"BRÄNSLE INSP.PUMP DIESEL"
"7253";"INJ.BRÄNSLEFÖRDELARE"
"7254";"KOMPRESSOR REMDRIVEN"
"7255";"TURBOAGGREGAT"
"7256";"WASTEGATEVENTIL"
"7257";"TURBOOLJERÖR"
"7258";"HJÄLPAXEL/MELLANAXEL"
"7259";"LADDLUFT/INTERCOOLERRÖR/SLANG"
"7260";"LADDLUFT/INTERCOOLER KYL."
"7261";"TURBOVATTENRÖR"
"7262";"MOTORFÄSTE"
"7263";"MOTORKUDDE"
"7264";"INJ.MAPPSENSOR"
"7265";"INJ.LUFTMÄNGDMÄTARE"
"7266";"VEVHUSVENTILATION SLANG/RÖR"
"7267";"INJ.SPRIDARRÖR"
"7268";"INJ.KNACKSENSOR"
"7269";"VAKUUMVENTIL"
"7270";"VAKUUMPUMP"
"7271";"LUFTPUMP/AVGASRENING"
"7272";"INJ INSUGSRÖR/SLANG"
"7273";"INJ. BRÄN.TRYCKSREGULATOR"
"7274";"VEVAXEL PACKBOXHÅLLARE"
"7275";"INJ.SPJÄLLHUS"
"7276";"GIVARE VARVTAL/TÄNDLÄGE"
"7277";"BALANSAXEL"
"7278";"TÄNDNING FÖRKOPPLINGSMOTSTÅND"
"7279";"TÄNDKABELSATS"
"7280";"MOTOR DIESEL"
"7281";"GLÖDSTIFT"
"7282";"KICK MC"
"7283";"REGULATOR MC"
"7284";"STATOR LINDNING MC"
"7285";"MOTORKÅPA VÄ MC"
"7286";"MOTORKÅPA HÖ MC"
"7287";"SVÄNGHJUL/STATOR MC"
"7288";"BALANSAXELHUS"
"7289";"FÖRG./BÄLG/RÖR MOT LUFTR."
"7290";"AC KOMPRESSOR"
"7291";"TERMOSTAT"
"7292";"MAGNETVENTIL LADDTRYCK"
"7293";"MOTOR OLJERÖR/SLANG"
"7294";"VÄXELLÅDA OLJERÖR/SLANG MAN"
"7295";"HYBRIDCONVERTER"
"7296";"GASSPJÄLLSDÄMPARE"
"7297";"INJ. SPRIDARRÖR SATS"
"7298";"INJ. ÖVRIGT"
"7299";"MOTOR ÖVRIGT"
"7300";"LUFTRENARE ÖVRIGT"
"7301";"FÖRDELARE VAKUUMREGULATOR"
"7302";"MOTOR ELEKTRISK FRAM"
"7303";"KABELHÄRVA HÖGSPÄNNING"
"7304";"INJ. VIRVELSPJÄLL"
"7305";"NJ.VIRVELSPJÄLL STÄLLMOTOR"
"7306";"VAKUUMTANK"
"7307";"RESONATORRÖR"
"7308";"INJ. FUELRAIL"
"7309";"REGLERMOTOR WASTEGATE"
"7310";"STYRENHET STRÅLKASTARE"
"7311";"LADDKABEL ELBIL"
"7340";"OLJEPUMP KAMAXELKEDJA"
"7387";"LÅS ÖVRIGT"
"7388";"CENTRALÅSMOTOR MOTORHUV"
"7389";"USB CONNECTION"
"7390";"STYRENHET/RELÄ STOLSVÄRME"
"7391";"RELÄ EXTRALJUS"
"7392";"RELÄ SIGNALHORN"
"7393";"MULTIFUNKTIONSDISPLAY"
"7394";"FJÄRRKONTROLL MULTIMEDIA"
"7395";"MULTIMEDIA ÖVRIGT"
"7396";"MIKROFON"
"7397";"STRÖMSTÄLLARE LARM"
"7398";"RATTLÅS / TÄNDLÅS ELEKTRISK"
"7399";"FJÄRRKONTROLL LARM/CENTRALLÅS"
"7400";"IR-MOTTAGARE LARM"
"7401";"KRETSKORT"
"7402";"RELÄ TORKARMOTOR"
"7403";"STYRENHET/RELÄ KYLFLÄKT"
"7404";"RELÄ ELRUTA"
"7405";"GENERATOR"
"7406";"RELÄ LADDNING"
"7407";"RELÄ START"
"7408";"RELÄ BRÄNSLEPUMP"
"7409";"RELÄ GLÖDTRÅDSVAKT"
"7410";"STARTMOTOR BENSIN"
"7411";"GENERATOR/STARTMOTOR HYBRID"
"7412";"STARTMOTOR DIESEL"
"7413";"RELÄ STARTSPÄRR"
"7414";"RELÄ BACKLJUS"
"7415";"TORKARMOTOR VINDRUTA"
"7416";"TORKARMOTOR BAKLUCKA"
"7417";"RELÄ GLÖDNING DIESEL"
"7418";"STYRENHET/RELÄ TORKARE"
"7419";"RELÄ FARTHÅLLARE"
"7420";"RELÄ ABS"
"7421";"RELÄ LARM"
"7422";"RELÄ CENTRAL"
"7423";"FÖNSTERHISSATS MANUELL"
"7424";"CENTRALLÅSSATS"
"7425";"SPOLARPUMP VINDRUTA"
"7426";"SOLENOID"
"7427";"RELÄ FÖNSTERHISS"
"7428";"CENTRALLÅS VAKUUMPUMP"
"7429";"CENTRALLÅSMOTOR HUVUD."
"7430";"KABELHÄRVA"
"7431";"CENTRALLÅSMOTOR VÄ"
"7432";"CENTRALLÅSMOTOR HÖ"
"7433";"CENTRALLÅSMOT. BAKLUCKA"
"7434";"CENTRALLÅSMOT. TANKLUCKA"
"7435";"SÄKRINGSDOSA/ELCENTRAL"
"7436";"SIGNALHORN"
"7437";"RELÄ ÖVRIGT"
"7438";"RELÄ BLINKERS"
"7439";"RELÄ LJUS"
"7440";"TÄNDLÅS"
"7441";"SPAKCENTRAL"
"7442";"STRÖMSTÄLLARE LJUS/GOLV"
"7443";"SPAK BLINKERS/LJUSOMK."
"7444";"SPAK LJUS/SPOLOMK."
"7445";"SPAK TORKAR/SPOLOMK."
"7446";"STRÖMSTÄLLARE LJUS"
"7447";"STRÖMSTÄLLARE FLÄKT"
"7448";"STRÖMSTÄLLARE ELHISS"
"7449";"STRÖMSTÄLLARE SPEGEL"
"7450";"TÄNDSPOLE"
"7451";"RELÄ VARNINGSBLINKERS"
"7452";"FÄRDDATOR"
"7453";"STRÖMSTÄLLARE ÖVRIGT"
"7454";"RATTLÅSKONTAKTDON"
"7455";"BILLARM"
"7456";"RELÄ OVERDRIVE"
"7457";"SPAK KONSOL/FÄSTE"
"7458";"SPAK/RATTREGLAGE RADIO/STEREO"
"7459";"GIVARE LADDLUFTSTRYCK"
"7460";"GIVARE TANK"
"7461";"GIVARE TEMPERATUR VATTEN"
"7462";"GIVARE OLJETRYCK"
"7463";"INJ.LAMBDASOND"
"7464";"GIVARE HASTIGHETSMÄTARE"
"7465";"TOMGÅNGSMUNSTYCKE/VENTIL"
"7466";"INJ.KALLSTARTSVENTIL"
"7467";"STYRENHET FARTHÅLLARE"
"7468";"STYRENHET VÄXELLÅDA"
"7469";"GLÖDTRÅDSVAKT"
"7470";"STYRENHET INSPRUT BENSIN"
"7471";"STYRENHET TÄNDNING"
"7472";"STYRENHET FÖRGASARE"
"7473";"STYRENHET STYRSERVO"
"7474";"STYRENHET AVGASRENING"
"7475";"STYRENHET ABS"
"7476";"STYRENHET TAL"
"7477";"STYRENHET APC"
"7478";"TÄNDMODUL"
"7479";"STYRENHET ANTISPINN/SLADD"
"7480";"STRÖMSTÄLLARE ELRUTA"
"7481";"STRÖMSTÄLLARE VARNINGS."
"7482";"STRÖMSTÄLLARE DIMMER"
"7483";"RELÄ CENTRALLÅS"
"7484";"STYRENHET PARKERINGSHJÄLP"
"7485";"STYRENHET CENTRALLÅS"
"7486";"STYRENHET KUPEVÄRME"
"7487";"STYRENHET INSPRUT DIESEL"
"7488";"STYRENHET INSUG MC"
"7489";"CDI BOX MC"
"7490";"BATTERI"
"7491";"SENSOR TPMS / DÄCKKONTROLL"
"7492";"TÄNDKASSETT"
"7493";"SENSOR ÖVRIGT"
"7494";"GIVARE ÖVRIGT"
"7495";"FARTHÅLLARE"
"7496";"GIVARE FARTHÅLLARE"
"7497";"FARTHÅLL. LÄGESKONTAKT"
"7498";"STYRENHET ÖVRIGT"
"7499";"EL ÖVRIGT"
"7500";"KOMFORT STYRDON"
"7501";"GIVARE ACCELARATION"
"7502";"GIVARE KOPPLINGSPEDAL"
"7503";"GIVARE RATTUTSLAG"
"7504";"GIVARE YTTERTEMPARATUR"
"7505";"SENSOR LARM"
"7506";"GIVARE LÄGES BROMSPEDAL"
"7507";"GIVARE TEMP/TRYCK AVGAS"
"7508";"GIVARE XENON/LJUSHÖJDSREGLERING"
"7509";"STYRENHET VÄXLINGSENHET"
"7510";"STYRENHET PARK.BROMS EPB"
"7511";"STYRENHET NYCKELLÖST SYSTEM"
"7512";"STYRENHET START/STOPP"
"7513";"STYRENHET ELMOTOR"
"7514";"STYRENHET MULTIMEDIA"
"7515";"STYRENHET STOLREGLERING"
"7516";"STYRENHET BATTERI"
"7517";"SENSOR DÖRR BAKLUCKA ÖPPNA/STÄNG"
"7518";"STYRENHET BLUETOOTH"
"7519";"STYRENHET CAB/SUFFLETT"
"7520";"STYRENHET DIAGNOSGRÄNSSNITT/GATEWAY"
"7601";"BROMS. HUVUDCYLINDER"
"7602";"BROMSVÄTSKEBEHÅLLARE"
"7603";"BROMSLJUSKONTAKT"
"7604";"BROMSRÖR/SLANG"
"7605";"BROMSSERVO"
"7606";"BROMS. VARNINGSVENTIL"
"7607";"BROMSSERVO BACKVENTIL"
"7608";"BROMS.TRYCKACKUMULATOR"
"7609";"BROMS.HJULCYLINDER"
"7610";"BROMSSKIVA FRAM"
"7611";"BROMSOK FRAM VÄ"
"7612";"BROMSOK FRAM HÖ"
"7613";"BROMSVÄTSKEBEHÅLLARE LOCK"
"7614";"BROMSTRUMMA FRAM"
"7615";"HYDRAULAGGREGAT ASC"
"7616";"ANTI DIVE HÖ MC"
"7617";"ANTI DIVE VÄ MC"
"7618";"BROMSSTAG FRAM MC"
"7619";"BROMSSTAG BAK MC"
"7620";"BROMSSKIVA BAK"
"7621";"BROMSOK BAK VÄ"
"7622";"BROMSOK BAK HÖ"
"7624";"BROMSOKSHÅLLARE"
"7625";"BROMSTRUMMA BAK"
"7626";"BROMSVAJER"
"7627";"BROMSBACK TRUMBROMS"
"7628";"BROMSBACK HANDBROMS"
"7629";"GASPEDAL"
"7630";"PEDALSTÄLL"
"7631";"BROMSPEDAL"
"7632";"KOPPLINGSPEDAL"
"7633";"VÄXELPEDAL MC"
"7634";"BROMSFÖRDELNINGSVENTIL/BLOCK"
"7635";"BROMSKRAFTREGULATOR"
"7636";"BROMSOKSMOTOR / STÄLLMOTOR BAK HÖ"
"7637";"BROMSOKSMOTOR / STÄLLMOTOR BAK VÄ"
"7639";"LASTAVKÄNNINGSDON"
"7640";"ABS HYDRAULPUMP"
"7645";"ABS HYDRAULAGGREGAT"
"7646";"ABS SENSOR"
"7647";"ABS KRANS"
"7650";"ANTISPINN MOTOR"
"7699";"BROMS ÖVRIGT"
"7700";"VÄXELLÅDA TRONIC"
"7701";"VÄXELLÅDA MAN. 4 VXL"
"7702";"VÄXELLÅDA MAN. 5 VXL"
"7703";"VÄXELLÅDA MAN. MED EL.ÖVERVÄXEL"
"7704";"VÄXEL FÖRDELNINGSLÅDA"
"7705";"VÄXELLÅDA AUTOMAT"
"7706";"VÄXELLÅDA MAN. 6 VXL"
"7707";"CONVERTER"
"7708";"VÄXELLÅDA AUT KOPPLINGSKÅPA"
"7709";"MELLANAXEL STÖDLAGER"
"7710";"MELLANAXEL KOMP."
"7711";"MELLANAXEL FRÄMRE"
"7712";"MELLANAXEL MITT"
"7713";"MELLANAXEL BAKRE"
"7714";"MELLANAXEL GUMMIKNUT"
"7715";"VÄXELSPAK"
"7716";"VÄXELSPAKSDAMASK"
"7717";"VÄXELREGLAGE / VAJER"
"7718";"VÄXELLÅDSLOCK"
"7719";"KICKDOWN VAJER MC"
"7720";"VÄXEL PRIMÄR"
"7721";"VÄXEL SEKUNDÄR"
"7722";"MELLANAXEL VINSCH/KRAFTUTTAG"
"7723";"VÄXEL RÖR/SLANGAR AUTOMAT"
"7724";"LAMELLAXEL"
"7725";"VÄXELLÅDA MAN KOPPLINGSKÅPA"
"7726";"KOPPLINGSVAJER"
"7727";"KOPPLINGSCYLINDER HUVUD."
"7728";"KOPPLINGSCYLINDER SLAV."
"7729";"KOPPLING/LAMELL"
"7730";"VÄXELLÅDSBALK"
"7731";"VÄXELLÅDSFÄSTE"
"7732";"VÄXELFÖRARE"
"7733";"KOPPLINGSARM"
"7734";"VÄXELLÅDSHUS/KEDJEHUS DELAR"
"7735";"HASTIGHETSMÄTARVAJER"
"7736";"GASVAJER"
"7737";"PEDAL GAS/BROMS/KOPPLING"
"7738";"CHOKEVAJER"
"7739";"CHOKERREGLAGE MC"
"7740";"DRIVREM"
"7741";"HANDBROMSSPAK"
"7742";"HANDBROMSVAJER"
"7743";"HANDBROMSBELÄGG"
"7744";"GASREGLAGE"
"7745";"KOPPLING VÄTSKEBEHÅLLARE"
"7746";"PARKERINGSBROMS ELMANÖVRERAD"
"7747";"VÄXELSPAKS FÄSTE/HUS"
"7748";"FRIKOPPLINGSENHET"
"7749";"INREDNING SARG VÄXELSPAK"
"7750";"OMBYGGNADSSATS MAN-AUT"
"7751";"OMBYGGNADSSATS AUT-MAN"
"7752";"VÄXELLÅDA VÄXLINGSENHET"
"7753";"VÄXLINGSENHET HYDRAULDEL"
"7754";"HYDRAULPUMP VÄXLINGSENHET"
"7755";"VÄXELREGLAGE EL HÖG/LÅG"
"7756";"KOPPLINGSSATS KOMPL"
"7760";"VISKOKOPPLING"
"7799";"TRANSMISSION ÖVRIGT"
"7800";"SKYLTHÅLLARE"
"7801";"GENERATOR FÄSTE/TILLBEHÖR"
"7802";"BRÄNSLEPUMP KONSOL/FÄSTE"
"7803";"SADEL LÅS MC"
"7804";"SADEL LÅSBYGEL MC"
"7805";"NYCKEL/NYCKLAR"
"7806";"KUPEFILTER"
"7807";"ANTENN ELEKTRISK"
"7808";"DVD TAKMONTERAD"
"7809";"RADIO KABELHÄRVA"
"7810";"RADIO"
"7811";"ANTENN"
"7812";"HÖGTALARE"
"7813";"TELEFON"
"7814";"VERKTYGSFACK/FÖRVARING"
"7815";"VERKTYGSSATS"
"7816";"RADIO CD / MULTIMEDIAPANEL"
"7817";"RADIO ÖVRIGT"
"7818";"DVD/BLU-RAY INFORMATIONSSKIVA"
"7819";"HUVISOLERING"
"7820";"INSTRUKTIONSBOK"
"7821";"STRÖMSTÄLLARE HUVUD"
"7822";"STRÖMSTÄLLARE STOLREGLER."
"7823";"STRÖMSTÄLLARE MULTIFUNKTION"
"7824";"STR. LJUSVIDD. REGLERING"
"7825";"STRÖMSTÄLLARE ANTISPINN"
"7826";"STRÖMSTÄLLARE FÄRDDATOR"
"7827";"STRÖMSTÄLLARE VÄXELLÅDA"
"7828";"STRÖMSTÄLLARE ANTISLADD"
"7829";"STRÖMSTÄLLARE PARKERINGSBROMS"
"7830";"BATTERILÅDA/FÄSTE/HÅLLARE"
"7831";"BATTERIKABEL"
"7832";"BATTERI HÖGSPÄNNING"
"7833";"BATTERILADDARE HÖGSPÄNNING"
"7834";"DC/DC OMVANDLARE HYBRID"
"7835";"INVERTER HYBRID"
"7836";"INVERTER 12 -> 220 V"
"7837";"TORKARBLAD VINDRUTA"
"7838";"TORKARBLAD BAKRUTA"
"7839";"TORKARARM/BAKRUTA"
"7840";"TORKARARM. ARMAR VINDRUTA"
"7841";"TORKARMEKANISM VINDRUTA"
"7842";"STYRENHET DÖRR"
"7843";"SENSOR REGN/IMMA"
"7844";"STYRENHET FYRHJULSDRIFT"
"7845";"DOMKRAFT"
"7846";"STYRENHET BRÄNSLEPUMP"
"7847";"STYRENHET BILLARM"
"7848";"STYRENHET BENSIN/DIESELVÄRMARE"
"7849";"STYRENHET HASTIGHETSMÄTARGIVARE"
"7850";"BENSINVÄRMARE"
"7851";"TIDUR /VÄRMARE"
"7852";"DIESELVÄRMARE"
"7853";"MOTORVÄRMARE EL/SATS KOMP"
"7854";"MOTORVÄRMARSLADD"
"7855";"KUPEVÄRMARSLADD"
"7856";"MOTORVÄRMARE GRENKONTAKT"
"7857";"MOTORVÄRMARE / VÄRMEKROPP"
"7858";"AVGASSPJÄLL"
"7859";"VÄRMEKAMMARE/VÄXLARE"
"7860";"KATALYSATOR"
"7861";"AVGAS/LJUDDÄMPARE/RÖR"
"7862";"AVGASSYSTEM / KOMPL. EJ KAT."
"7863";"AVGASRÖR FRÄMRE/MITT/BAK"
"7864";"AVGASSYSTEM ÖVRIGT"
"7865";"AVGAS. FÖRVÄRMNINGSPLÅT"
"7866";"SENSOR AVGAS"
"7867";"AVGAS HALVSATS"
"7868";"AVGAS PARTIKELFILTER"
"7869";"INSYNSSKYDD RULLGARDIN"
"7870";"OLJESTICKA"
"7871";"SPÄNNINGSOMVANDLARE BATTERI"
"7872";"BRÄNSLEPUMP BENSIN/DIESELVÄRMARE"
"7873";"BATTERIVÄRMARE"
"7874";"BATTERIKYLMODUL"
"7875";"BATTERI HÖGSPÄNNING MODUL/CELL"
"7876";"LADDLUCKA"
"7877";"HÖGSPÄNNINGSBATTERI SÄKRING"
"7878";"LADDUTTAG ELBIL"
"7879";"BAKGAVELLYFT/RULLSTOLSRAMP"
"7880";"KUPEVÄRMARE"
"8001";"KYLARE MAN"
"8002";"KYLARE AUT"
"8003";"KYLARFÄSTE/RAM/BALK"
"8005";"EXPANSIONSTANK"
"8006";"EXPANSIONSTANK LOCK"
"8007";"AC SLANG/RÖR"
"8008";"AC STYRENHET/MANÖVERENHET"
"8009";"AC KONDENSOR/KYLARE"
"8010";"KYLFLÄKT EL"
"8011";"GIVARE KYLFLÄKT"
"8012";"KYLFLÄKT FÄSTE/LAGER"
"8013";"KYLARSLANG FÖRDELNINGSRÖR"
"8014";"KYLARSLANG"
"8015";"KYLFLÄKT/VINGE"
"8016";"KYLFLÄKT/SLIRKOPPLING"
"8017";"AC KYLFLÄKT"
"8018";"AC REGLERMOTOR"
"8019";"AC VÄRMEFLÄKT"
"8020";"VÄRMEFLÄKT"
"8021";"DEFROSTERSLANG"
"8022";"DEFROSTERKANAL/MUNSTYCKE"
"8023";"VÄRMEFLÄKTSMOTSTÅND"
"8024";"VÄRME REGLERMOTOR"
"8025";"VÄRMEVENTIL"
"8026";"VÄRME CIRKULATIONSPUMP"
"8027";"VÄRMEPAKET EXTRA"
"8028";"VÄRME CELLPAKET ELEKTRISKT"
"8029";"VÄRME CELLPAKET KOMP."
"8030";"VÄRME CELLPAKET VATTEN"
"8031";"AC CELLPAKET/FÖRÅNGARE"
"8032";"AC TORKFILTER"
"8033";"AC FÖRÅNGARE"
"8034";"AC ÖVRIGT"
"8035";"AC ANLÄGGNING / KOMPLETT"
"8036";"AC KOMPRESSOR/FÄSTE"
"8037";"AC TRYCKVAKT"
"8038";"AC FÖRGASARE TOMGÅNGSSOLENOID"
"8039";"AC/VÄRME ENHET SKÅP"
"8040";"KYLFLÄKTSMOTSTÅND"
"8071";"AIRBAG KROCKGARDIN VÄ"
"8072";"AIRBAG KROCKGARDIN HÖ"
"8074";"AIRBAG STOLMONTERAD"
"8075";"AIRBAG SIDOKROCKKUDDE VÄ"
"8076";"AIRBAG SIDOKROCKKUDDE HÖ"
"8077";"AIRBAG KNÄ"
"8078";"AIRBAG KROCKSENSOR"
"8080";"AIRBAG TAK"
"8081";"AIRBAG FRONTSENSOR VÄ"
"8082";"AIRBAG FRONTSENSOR HÖ"
"8083";"AIRBAG ELEKTRONIKENHET"
"8084";"AIRBAG KONTAKTRULLE"
"8085";"AIRBAG RATTKUDDE"
"8086";"AIRBAG PASSAGERARKUDDE"
"8087";"AIRBAG BÄLTESSPÄNNARE VÄ"
"8088";"AIRBAG BÄLTESSPÄNNARE HÖ"
"8089";"AIRBAG SÄKERHETSBÄLTE BAK"
"8090";"AIRBAG ÖVRIGT"
"8099";"KYL/VÄRME ÖVRIGT"
"8997";"DIM 225/75-16C"
"8998";"DIM 275/60-18"
"8999";"DIM 455/45R-22,5"
"9000";"DIM 255/65-18"
"9001";"DIM 155/80-13"
"9002";"DIM 195/40-16"
"9003";"DIM 265/65-18"
"9004";"DIM 245/40-21"
"9005";"DIM 305/55-20"
"9006";"DIM 235/75-17,5"
"9007";"DIM 285/40-20"
"9008";"DIM 425/65R-22,5"
"9009";"DIM 445/45-19,5"
"9010";"BILDELAR DIVERSE"
"9011";"DIM 235/70R-17,5"
"9012";"DIM 255/70R-22,5"
"9013";"DIM 265/70R-19,5"
"9014";"DIM 275/70R-19,5"
"9015";"BILDEL ENL. FÖLJESEDEL"
"9016";"DIM 275/70R-22,5"
"9017";"DIM 275/80R-22,5"
"9018";"DIM 295/60R-22,5"
"9019";"DIM 295/80R-22,5"
"9020";"DIM 305/60R-22,5"
"9021";"DIM 305/70R-22,5"
"9022";"DIM 315/60R-22,5"
"9023";"DIM 315/70R-22,5"
"9024";"DIM 315/80R-22,5"
"9025";"HYRA AV SLÄP"
"9026";"HYRA AV SKROTBIL"
"9027";"DIM 385/55R-22,5"
"9028";"DIM 385/65R-22,5"
"9029";"DIM 285/70R-19,5"
"9030";"TRANSPORT AV BIL"
"9031";"TRANSPORT"
"9032";"BETALNINGSPÅMINNELSE AVG"
"9033";"DIM 245/70R-19,5"
"9034";"DIM 205/40-18"
"9035";"DIM 225/30-20"
"9036";"DIM 215/60-18"
"9037";"DIM 215/65-17"
"9038";"DIM 245/50-16"
"9039";"DIM 275/60-20"
"9040";"DIM 275/65-17"
"9041";"DIM 285/30-18"
"9042";"DIM 285/30-19"
"9043";"DIM 285/30-20"
"9044";"DIM 285/30-21"
"9045";"DIM 285/35-18"
"9046";"DIM 285/35-20"
"9047";"DIM 285/35-21"
"9048";"DIM 285/40-19"
"9049";"DIM 285/40-22"
"9050";"DIM 285/45-19"
"9051";"DIM 285/45-20"
"9052";"DIM 285/45-21"
"9053";"DIM 285/50-18"
"9054";"DIM 285/50-20"
"9055";"DIM 285/60-18"
"9056";"DIM 285/65-16"
"9057";"DIM 285/65-17"
"9058";"DIM 295/25-20"
"9059";"DIM 295/25-21"
"9060";"DIM 295/30-18"
"9061";"DIM 295/30-19"
"9062";"DIM 295/30-20"
"9063";"DIM 295/30-21"
"9064";"DIM 295/30-22"
"9065";"DIM 295/35-19"
"9066";"DIM 295/35-20"
"9067";"DIM 295/35-21"
"9068";"DIM 295/35-22"
"9069";"DIM 295/40-19"
"9070";"DIM 295/40-20"
"9071";"DIM 295/40-21"
"9072";"DIM 295/40-22"
"9073";"DIM 295/45-19"
"9074";"DIM 295/45-20"
"9075";"DIM 305/25-20"
"9076";"DIM 305/25-22"
"9077";"DIM 305/30-19"
"9078";"DIM 305/30-20"
"9079";"DIM 305/30-23"
"9080";"DIM 305/40-22"
"9081";"DIM 315/25-19"
"9082";"DIM 315/25-23"
"9083";"DIM 315/30-21"
"9084";"DIM 315/30-22"
"9085";"DIM 315/35-20"
"9086";"DIM 315/40-21"
"9087";"DIM 325/25-20"
"9088";"DIM 325/25-21"
"9089";"DIM 325/35-22"
"9090";"DIM 325/40-21"
"9091";"DIM 335/25-22"
"9092";"DIM 185/60-16"
"9093";"DIM 205/75-14"
"9094";"DIM 295/35-18"
"9095";"DIM 155/70-12"
"9096";"DIM 285/30-22"
"9097";"DIM 215/65-15C"
"9098";"DIM 265/55-19"
"9099";"ÖVRIGA BILDELAR"
"9100";"DIM 145-10"
"9101";"DIM 195/55-15"
"9102";"DIM 225/70-15"
"9103";"DIM 205/50-16"
"9104";"DIM 225/70-16"
"9105";"DIM 145-12"
"9106";"DIM 155-12"
"9107";"DIM 215/45-17"
"9108";"DIM 145/70-13"
"9109";"DIM 195/55-13"
"9110";"DIM 135-13"
"9111";"DIM 145-13"
"9112";"DIM 155-13"
"9113";"DIM 165-13"
"9114";"DIM 175-13"
"9115";"DIM 185-13"
"9116";"DIM 175-13 RF"
"9117";"DIM 165/65-13"
"9118";"DIM 195/70-13"
"9119";"DIM 185/65-13"
"9120";"DIM 155/70-13"
"9121";"DIM 165/70-13"
"9122";"DIM 175/70-13"
"9123";"DIM 185/70-13"
"9124";"DIM 205/60-13"
"9125";"DIM 185/60-13"
"9126";"DIM 175/65-13"
"9127";"DIM 235/70-16"
"9128";"DIM 215/35-19"
"9129";"DIM 185-14 RF"
"9130";"DIM 145-14"
"9131";"DIM 155-14"
"9132";"DIM 165-14"
"9133";"DIM 175-14"
"9134";"DIM 185-14"
"9135";"DIM 205-14"
"9136";"DIM 195-14"
"9137";"DIM 255/55-16"
"9138";"DIM 195/65-14"
"9139";"DIM 165/70-14"
"9140";"DIM 175/70-14"
"9141";"DIM 185/70-14"
"9142";"DIM 195/70-14"
"9143";"DIM 205/70-14"
"9144";"DIM 195/70-15 C"
"9145";"DIM 165/65-14"
"9146";"DIM 175/65-14"
"9147";"DIM 185/60-14"
"9148";"DIM 195/60-14"
"9149";"DIM 205/60-14"
"9150";"DIM 145-15"
"9151";"DIM 155-15"
"9152";"DIM 165-15"
"9153";"DIM 6.70-15"
"9154";"DIM 175/70-15"
"9155";"DIM 185/65-15"
"9156";"DIM 195/65-15"
"9157";"DIM 205/55-15"
"9158";"DIM 225/75-15"
"9159";"DIM 235/75-15"
"9160";"DIM 6.00-16"
"9161";"DIM 6.50-16"
"9162";"DIM 205/75-16"
"9163";"DIM 205/55-16"
"9164";"DIM 185/75-14"
"9165";"DIM 185/65-14"
"9166";"DIM 195/70-15"
"9167";"DIM 205/60-15"
"9168";"DIM 185/55-15"
"9169";"DIM 225/50-15"
"9170";"DIM 225/50-16"
"9171";"DIM 195/60-15"
"9172";"DIM 205/65-15"
"9173";"DIM 205/65-15 RF"
"9174";"DIM 205/70-15"
"9175";"DIM 205/70-15 C"
"9176";"DIM 195/50-15"
"9177";"DIM 205/50-15"
"9178";"DIM 185/70-15"
"9179";"DIM 175-15"
"9180";"DIM 185-14 8C"
"9181";"DIM 195-14 8C"
"9182";"DIM 205-14 8C"
"9183";"DIM 205-16"
"9184";"DIM 205-16 RF"
"9185";"DIM 205-16 8C"
"9186";"DIM 185-15"
"9187";"DIM 180/65-390 P6"
"9188";"DIM 190/65-390"
"9189";"DIM 200/60-390"
"9190";"DIM 000-10"
"9191";"DIM 31X10.5-15"
"9192";"DIM 000-12"
"9193";"DIM 000-13"
"9194";"DIM 000-14"
"9195";"DIM 000-15"
"9196";"DIM 000-16"
"9197";"DIM 000-17"
"9198";"DIM 205/70-13"
"9199";"DIM 215-14 C"
"9200";"DIM 205/70-16"
"9201";"DIM 185/55-14"
"9202";"DIM 205/75-15"
"9203";"DIM 215/65-15"
"9204";"DIM 195/50-16"
"9205";"DIM 225/55-16"
"9206";"DIM 250/60-16"
"9207";"DIM 265/75-16"
"9208";"DIM 235/45-17"
"9209";"DIM 215/55-16"
"9210";"DIM 195/75-16"
"9211";"DIM 000-18"
"9212";"DIM 000-19"
"9213";"DIM 000-20"
"9214";"DIM 000-21"
"9215";"DIM 000-22"
"9216";"DIM 245/55-16"
"9217";"DIM 235/85-16"
"9218";"DIM 325/55-17"
"9219";"DIM 235/55-18"
"9220";"DIM 215/60-15"
"9221";"DIM 225/60-15"
"9222";"DIM 225/55-15"
"9223";"DIM 185/60-15"
"9224";"DIM 225/35-17"
"9225";"DIM 215/40-17"
"9226";"DIM 225/45-17"
"9227";"DIM 235/40-17"
"9228";"DIM 225/50-17"
"9229";"DIM 215/75-16"
"9230";"DIM 215/65-16"
"9231";"DIM 235/60-16"
"9232";"DIM 195/55-16"
"9233";"DIM 205/45-16"
"9234";"DIM 225/40-18"
"9235";"DIM 235/40-18"
"9236";"DIM 265/35-18"
"9237";"DIM 205/50-17"
"9238";"DIM 245/70-16"
"9239";"DIM 155/65-13"
"9240";"DIM 215/60-16"
"9241";"DIM 195/60-16"
"9242";"DIM 245/35-17"
"9243";"DIM 225/65-16"
"9244";"DIM 245/70-17"
"9245";"DIM 215/50-17"
"9246";"DIM 225/45-16"
"9247";"DIM 215/35-18"
"9248";"DIM 225/35-18"
"9249";"DIM 205/40-17"
"9250";"DIM 175/60-13"
"9251";"DIM 255/45-18"
"9252";"DIM 195/75-14"
"9253";"DIM 215/55-17"
"9254";"DIM 235/65-17"
"9255";"DIM 225/60-16"
"9256";"DIM 265/70-15"
"9257";"DIM 265/70-17"
"9258";"DIM 155/65-14"
"9259";"DIM 255/35-18"
"9260";"DIM 215/75-15"
"9261";"DIM 255/55-18"
"9262";"DIM 195/65-16"
"9263";"DIM 225/65-16C"
"9264";"DIM 245/45-18"
"9265";"DIM 205/60-16"
"9266";"DIM 205/65-16"
"9267";"DIM 255/60-17"
"9268";"DIM 185/75-16"
"9269";"DIM 165/80-13"
"9270";"DIM 135/70-13"
"9271";"DIM 185/55-13"
"9272";"DIM 245/45-16"
"9273";"DIM 215/40-16"
"9274";"DIM 225/40-16"
"9275";"DIM 255/35-19"
"9276";"DIM 235/50-18"
"9277";"DIM 205/80-16"
"9278";"DIM 275/70-16"
"9279";"DIM 215/70-15"
"9280";"DIM 255/65-16"
"9281";"DIM 215/70-16"
"9282";"DIM 235/60-17"
"9283";"DIM 245/55-17"
"9284";"DIM 275/40-20"
"9285";"DIM 225/55-17"
"9286";"DIM 175/65-15"
"9287";"DIM 215/40-18"
"9288";"DIM 255/45-17"
"9289";"DIM 235/55-17"
"9290";"DIM 175/65-14C"
"9291";"DIM 175/60-15"
"9292";"DIM 195/45-16"
"9293";"DIM 225/75-16"
"9294";"DIM 215/45-18"
"9295";"DIM 165/60-14"
"9296";"DIM 205/45-17"
"9297";"DIM 195/45-17"
"9298";"DIM 215/75-14"
"9299";"DIM 195-15"
"9300";"DIM 165/60-13"
"9301";"DIM 225/60-18"
"9302";"DIM 225/60-17"
"9303";"DIM 245/35-19"
"9304";"DIM 245/40-18"
"9305";"DIM 245/65-17"
"9306";"DIM 235/60-18"
"9307";"DIM 215/60-17"
"9308";"DIM 245/75-16"
"9309";"DIM 255/40-16"
"9310";"DIM 215/55-18"
"9311";"DIM 225/45-18"
"9312";"DIM 255/70-16"
"9313";"DIM 235/35-19"
"9314";"DIM 235/65-16C"
"9315";"DIM 255/40-18"
"9316";"DIM 255/65-17"
"9317";"DIM 235/45-18"
"9318";"DIM 285/35-19"
"9319";"DIM 275/40-18"
"9320";"DIM 245/60-18"
"9321";"DIM 265/70-16"
"9322";"DIM 255/40-20"
"9323";"DIM 275/40-17"
"9324";"DIM 255/75-15"
"9325";"DIM 255/70-15"
"9326";"DIM 245/45-17"
"9327";"DIM 225/65-17"
"9328";"DIM 235/35-20"
"9329";"DIM 245/40-17"
"9330";"DIM 225/45-19"
"9331";"DIM 255/60-18"
"9332";"DIM 265/65-17"
"9333";"DIM 185/50-16"
"9334";"DIM 265/60-18"
"9335";"DIM 225/35-19"
"9336";"DIM 225/65-18"
"9337";"DIM 225/55-18"
"9338";"DIM 255/45-20"
"9339";"DIM 235/65-18"
"9340";"DIM 275/55-17"
"9341";"DIM 255/50-19"
"9342";"DIM 255/40-19"
"9343";"DIM 235/55-19"
"9344";"DIM 205/55-17"
"9345";"DIM 215/45-16"
"9346";"DIM 175/50-15"
"9347";"DIM 205/65-16C"
"9348";"DIM 215/65-16C"
"9349";"DIM 235/40-19"
"9350";"DIM 125/70-19"
"9351";"DIM 135/70-15"
"9352";"DIM 145/55-15"
"9353";"DIM 145/60-20"
"9354";"DIM 145/65-15"
"9355";"DIM 145/80-19"
"9356";"DIM 155/60-15"
"9357";"DIM 155/70-14"
"9358";"DIM 155/70-19"
"9359";"DIM 155/80-19"
"9360";"DIM 165/60-15"
"9361";"DIM 165/60-20"
"9362";"DIM 165/65-15"
"9363";"DIM 165/80-15"
"9364";"DIM 175/55-15"
"9365";"DIM 175/60-14"
"9366";"DIM 175/75-16"
"9367";"DIM 175/80-14"
"9368";"DIM 175/80-19"
"9369";"DIM 185/55-16"
"9370";"DIM 195/40-14"
"9371";"DIM 195/40-17"
"9372";"DIM 195/45-15"
"9373";"DIM 195/55-20"
"9374";"DIM 195/80-15"
"9375";"DIM 215/50-18"
"9376";"DIM 225/35-20"
"9377";"DIM 225/40-19"
"9378";"DIM 225/50-18"
"9379";"DIM 225/55-19"
"9380";"DIM 235/30-20"
"9381";"DIM 235/40-20"
"9382";"DIM 235/45-19"
"9383";"DIM 235/45-20"
"9384";"DIM 235/50-17"
"9385";"DIM 235/50-19"
"9386";"DIM 235/55-20"
"9387";"DIM 235/60-20"
"9388";"DIM 235/65-19"
"9389";"DIM 235/70-15"
"9390";"DIM 235/70-17"
"9391";"DIM 235/75-16"
"9392";"DIM 245/30-20"
"9393";"DIM 245/30-21"
"9394";"DIM 245/35-18"
"9395";"DIM 245/35-20"
"9396";"DIM 245/35-21"
"9397";"DIM 245/40-19"
"9398";"DIM 245/40-20"
"9399";"DIM 245/45-19"
"9400";"DIM 245/45-20"
"9401";"DIM 245/50-18"
"9402";"DIM 245/50-20"
"9403";"DIM 245/55-19"
"9404";"DIM 255/30-19"
"9405";"DIM 255/30-20"
"9406";"DIM 255/30-21"
"9407";"DIM 255/35-20"
"9408";"DIM 255/35-21"
"9409";"DIM 255/40-17"
"9410";"DIM 255/40-21"
"9411";"DIM 255/45-19"
"9412";"DIM 255/50-20"
"9413";"DIM 255/55-17"
"9414";"DIM 255/55-19"
"9415";"DIM 255/55-20"
"9416";"DIM 265/30-19"
"9417";"DIM 265/30-20"
"9418";"DIM 265/30-21"
"9419";"DIM 265/30-22"
"9420";"DIM 265/35-19"
"9421";"DIM 265/35-20"
"9422";"DIM 265/35-21"
"9423";"DIM 265/35-22"
"9424";"DIM 265/40-18"
"9425";"DIM 265/40-20"
"9426";"DIM 265/40-21"
"9427";"DIM 265/40-22"
"9428";"DIM 265/45-19"
"9429";"DIM 265/45-20"
"9430";"DIM 265/50-19"
"9431";"DIM 265/50-20"
"9432";"DIM 275/30-19"
"9433";"DIM 275/30-20"
"9434";"DIM 275/30-21"
"9435";"DIM 275/35-18"
"9436";"DIM 275/35-19"
"9437";"DIM 275/35-20"
"9438";"DIM 275/35-21"
"9439";"DIM 275/35-22"
"9440";"DIM 275/40-19"
"9441";"DIM 275/40-21"
"9442";"DIM 275/40-22"
"9443";"DIM 275/45-18"
"9444";"DIM 275/45-19"
"9445";"DIM 275/45-20"
"9446";"DIM 275/45-21"
"9447";"DIM 275/50-19"
"9448";"DIM 275/50-20"
"9449";"DIM 275/55-19"
"9450";"AVGASPORT REGLERENHET SNÖSKOTER"
"9451";"BACKLARM MC/SNÖS."
"9452";"BACKVÄXEL SNÖSKOTER"
"9453";"BUKSKYDD SNÖSKOTER"
"9454";"BOGGIE SNÖSKOTER"
"9455";"BOGGIEDETALJER ÖVRIGT SNÖSKOTER"
"9456";"BOGGIEHJUL/AXEL SNÖSKOTER"
"9457";"BROMSOK SNÖSKOTER"
"9458";"BROMSSKIVA SNÖSKOTER"
"9459";"CYLINDER/KOLV MC/SNÖS."
"9460";"DREV MC/SNÖS."
"9461";"DRIVHJUL SNÖSKOTER"
"9462";"FOTSTEGSFÖRSTÄRKNING SNÖSKOTER"
"9463";"FÄSTE STYRE MC/SNÖS."
"9464";"HANDTAGSVÄRMARE MC/SNÖS."
"9465";"STRÖMST. HANDTAGSVÄRMARE SNÖSKOTER"
"9466";"INDIKERINGSLAMPA MC/SNÖS."
"9467";"INSUGSLJUDDÄMPARE MC/SNÖS."
"9468";"HUV SNÖSKOTER"
"9469";"LUFTINTAG MC/SNÖS."
"9470";"LUFTPUMP FJÄDRING MC/SNÖS."
"9471";"MAGNAPULL/STARTAPPARAT SNÖSKOTER"
"9472";"NÖDSTOPP SNÖSKOTER"
"9473";"STRÖMSTÄLLARE NÖDSTOPP SNÖSKOTER"
"9474";"OLJETANK MC/SNÖS."
"9475";"PRIMER PUMP SNÖSKOTER"
"9476";"REEDVENTIL MC/SNÖS."
"9477";"REFLEX/SIDOMARKERING MC/SNÖS."
"9478";"RYGGSTÖD/SISSYBAR MC/SNÖS."
"9479";"SIDOKÅPA VÄ SNÖSKOTER"
"9480";"SIDOKÅPA HÖ SNÖSKOTER"
"9481";"SKIDA VÄ SNÖSKOTER"
"9482";"SKIDA HÖ SNÖSKOTER"
"9483";"SLIDES/ SLIDESSKENA SNÖSKOTER"
"9484";"STRÅLKASTARSARG / KÅPA MC/SNÖS."
"9485";"STYRBEKLÄDNAD SNÖSKOTER"
"9486";"STYRDAMASK SNÖSKOTER"
"9487";"STYRFÖRHÖJARE MC/SNÖS."
"9488";"STYRHOOK SNÖSKOTER"
"9489";"STYRSTÅL SNÖSKOTER"
"9490";"STYRSTÅNG SNÖSKOTER"
"9491";"STYRSTÅNGSHÅLLARE SNÖSKOTER"
"9492";"TÄNDPLATTA MC/SNÖS."
"9493";"VARIATOR PRIMÄR SNÖSKOTER"
"9494";"VARIATOR SEKUNDÄR SNÖSKOTER"
"9495";"VARIATORSKYDD SNÖSKOTER"
"9496";"CENTRALLÅS MOTOR MC"
"9497";"CENTRALLÅS ÖVRIGT MC"
"9499";"SNÖSKOTER DELAR ÖVRIGT"
"9500";"MC DELAR ÖVRIGT"
"9501";"STYRE KOMPL MC/SNÖS."
"9502";"HANDTAGSSKYDD MC/SNÖS."
"9503";"STYRE VÄ MC"
"9504";"STYRE HÖ MC"
"9505";"EL REGLAGE VÄ MC/SNÖS."
"9506";"EL REGLAGE HÖ MC/SNÖS."
"9507";"HANDTAGSHUS VÄ MC"
"9508";"HANDTAGSHUS HÖ MC"
"9509";"GASHANDTAG MC/SNÖS."
"9510";"KOPPLINGSHANDTAG MC/SNÖS."
"9511";"BROMSHANDTAG MC/SNÖS."
"9512";"STYRVIKTER MC"
"9513";"STARTKNAPP MC"
"9514";"AIRBAG MC"
"9515";"AIRBAG SENSOR MC"
"9517";"FÖRGASARE/BRYGGA MC/SNÖS."
"9520";"TANKKÅPA MC/SNÖS."
"9521";"KÅPA FRONT MC"
"9522";"VISIR/TOPPKÅPA MC"
"9523";"KÅPA FRAM VÄ MC"
"9524";"KÅPA FRAM HÖ MC"
"9525";"KÅPSTÄLLNING MC"
"9526";"KÅPA BAKRE MC"
"9527";"KÅPA BAKRE VÄ MC"
"9528";"KÅPA BAKRE HÖ MC"
"9529";"KÅPSPOILER MC"
"9530";"KÅPSPOILER FRÄMRE MC"
"9531";"KÅPSPOILER VÄ MC"
"9532";"KÅPSPOILER HÖ MC"
"9535";"FRAMSKÄRM KOMPL MC"
"9536";"FRAMSKÄRM FRÄMRE MC"
"9537";"FRAMSKÄRM BAKRE MC"
"9538";"FRAMSKÄRMSTAG MC"
"9545";"BAKSKÄRM KOMPL MC"
"9546";"BAKSKÄRM FRÄMRE MC"
"9547";"BAKSKÄRM BAKRE MC"
"9548";"BAKSKÄRMSTAG MC"
"9549";"CHASSI STAG ÖVRIGT"
"9550";"LYFTBÅGE BAK SNÖSKOTER"
"9555";"PAKETHÅLLARE MC/SNÖS."
"9556";"PACKVÄSKA/HÅLLARE VÄ MC"
"9557";"PACKVÄSKA/HÅLLARE HÖ MC"
"9558";"PACKVÄSKA / TOPPBOX SEP. MC"
"9560";"SADEL/DYNA MC/SNÖS."
"9561";"SADEL FRÄMRE MC"
"9562";"SADEL BAKRE MC"
"9563";"SADELBÅGE/HÅLLARE MC/SNÖS."
"9564";"HANDTAG PASSAGERARE MC/SNÖS."
"9571";"FOTPINNE FRAM VÄ MC"
"9572";"FOTPINNE FRAM HÖ MC"
"9573";"FOTPINNE BAK VÄ MC"
"9574";"FOTPINNE BAK HÖ MC"
"9575";"FOTPINNE FÄSTE MC"
"9576";"FOTPINNE PLATTA FRAM MC"
"9577";"FOTPINNE PLATTA FRAM VÄ"
"9578";"FOTPINNE PLATTA FRAM HÖ"
"9580";"FOTPINNE PLATTA BAK MC"
"9581";"FOTPINNE PLATTA BAK VÄ"
"9582";"FOTPINNE PLATTA BAK HÖ"
"9583";"FOTSKYDD VÄ MC"
"9584";"FOTSKYDD HÖ MC"
"9585";"SIDOSTÖD MC"
"9586";"SIDOSTÖDSKONTAKT MC"
"9587";"CENTRALSTÖD MC"
"9591";"KYL VÄ MC"
"9592";"KYL HÖ MC"
"9593";"KYL OLJERÖR MC"
"9599";"DRIVMATTA SNÖS."
"9600";"DREVKÅPA MC"
"9601";"DREVHÅLLARE MC"
"9602";"DREVPLATTA MC"
"9603";"STARTMOTORDREV MC"
"9604";"TURBO MC"
"9605";"KEDJA / DRIVREM MC"
"9606";"KEDJESKYDD MC"
"9607";"KEDJESTRÄCKARE MC"
"9608";"SKYDDSPLÅT MOTOR MC"
"9609";"SKYDDSBÅGE MOTOR MC"
"9610";"RYCKUTJÄMNARE MC"
"9611";"REMSKYDD VÄ MC"
"9612";"REMSKYDD HÖ MC"
"9613";"KARDANAXEL MC"
"9614";"HJULAXEL FRAM MC"
"9615";"HJULAXEL BAK MC"
"9616";"KARDAN SLUTVÄXEL MC"
"9618";"VARVRÄKNARE VAJER MC"
"9619";"HAST.MÄTARDRIVNING MC/SNÖS."
"9620";"HJUL FRAM MC"
"9621";"HJUL BAK MC"
"9622";"DÄCK FRAM MC"
"9623";"DÄCK BAK MC"
"9624";"FÄLG FRAM MC"
"9625";"FÄLG BAK MC"
"9628";"BOGGIE BÄRARM BAKRE SNÖS."
"9629";"BOGGIE BÄRARM FRÄMRE SNÖS."
"9630";"GAFFEL KOMPL MC"
"9631";"GAFFELKRONA KOMPL MC"
"9632";"GAFFELKRONA ÖVRE MC"
"9633";"GAFFELKRONA NEDRE MC"
"9635";"GAFFELBEN SEP. VÄ MC"
"9636";"GAFFELBEN SEP. HÖ MC"
"9637";"BOGGIE STÖTDÄMPARE FRÄMRE SNÖS."
"9638";"BOGGIE STÖTDÄMPARE BAKRE SNÖS."
"9639";"STÖTDÄMPARE FRAM MC/SNÖS."
"9640";"STÖTDÄMPARE BAK LÄNKAGE MC"
"9641";"STÖTDÄMPARE BAK VÄ MC"
"9642";"STÖTDÄMPARE BAK HÖ MC"
"9643";"BROMSHUVUDCYLINDER FRAM MC"
"9644";"BROMSHUVUDCYLINDER BAK MC"
"9645";"BROMSSKIVA FRAM VÄ MC"
"9646";"BROMSSKIVA FRAM HÖ MC"
"9647";"BROMSSKIVA BAK VÄ MC"
"9648";"BROMSSKIVA BAK HÖ MC"
"9649";"BROMSOK BAK MC"
"9650";"SVING MC"
"9651";"SVING KOMPL MC"
"9652";"SVINGAXEL MC"
"9653";"SVINGFÄSTE MC"
"9654";"SVINGLOCK MC"
"9655";"BROMS OLJEBEHÅLLARE BAK MC"
"9656";"BROMS OLJEBEHÅLLARE FRAM MC"
"9669";"BAKLJUS FÄSTE/HÅLLARE MC"
"9670";"BAKLJUS KOMPL MC/SNÖS."
"9671";"BAKLJUSGLAS MC"
"9672";"BAKLJUSHÅLLARE MC/SNÖS."
"9673";"BLINKERS BAK KOMPL VÄ MC"
"9674";"BLINKERS BAK KOMPL HÖ MC"
"9675";"BLINKERSGLAS BAK VÄ MC"
"9676";"BLINKERSGLAS BAK HÖ MC"
"9677";"BLINKERSHUS BAK VÄ MC"
"9678";"BLINKERSHUS BAK HÖ MC"
"9679";"STRÅLKASTARE FÄSTE MC"
"9680";"STRÅLKASTARGLAS MC"
"9690";"SLÄP GALLER/GRINDAR"
"9691";"HÄSTSLÄP TILLBEHÖR ÖVRIGT"
"9692";"HÄSTSLÄP TILLBEHÖR KAROSS"
"9693";"HÄSTSLÄP FÖNSTER/TAKLUCKA"
"9694";"HÄSTSLÄP SADELKAMMARE"
"9695";"HÄSTSLÄP MELLANVÄGG"
"9696";"HÄSTSLÄP BOMMAR"
"9697";"HÄSTSLÄP SKÖTARDÖRR"
"9698";"HÄSTSLÄP GALLER"
"9699";"HÄSTSLÄP SPARKSKYDD"
"9700";"HUSV VÄRMEVÄXLARE"
"9701";"HUSV VÄRMEPANNA"
"9702";"HUSV VARMVATTENBEREDARE"
"9703";"HUSV CIRKULATIONSPUMP"
"9704";"HUSV TAKLUCKA"
"9705";"HUSV TILLBEHÖR VÄRMEPANNA"
"9706";"HUSV SKÅP/LUCKA"
"9707";"HUSV BORD/BENSTÄLLNING"
"9708";"HUSV SPIS/VASK"
"9709";"KYLSKÅP"
"9710";"HUSV KÖKSFLÄKT"
"9711";"HUSV DYNGRUPP"
"9712";"HUSV TOAKASSETT"
"9713";"HUSV BATTERILADDARE"
"9714";"HUSV AXEL"
"9715";"HUSV PÅSKJUTSBROMS"
"9716";"HUSV KULHANDSKE"
"9717";"HUSV TÄLT/TÄLTPINNAR"
"9718";"HUSV MANÖVERPANEL"
"9719";"HUSV FÄRSKVATTENTANK"
"9720";"HUSV AVLOPPSTANK/PÅSE"
"9721";"HUSV KOFFERT/LUCKA"
"9722";"HUSV STÖDHJUL"
"9723";"HUSV STÖDBEN"
"9724";"HUSV GASOLTUB"
"9725";"HUSV GASOLKLOCKA"
"9726";"HUSV GASOLRÖR/SLANT"
"9727";"HUSV GASOLKRAN/VENTIL"
"9728";"HUSV SÄNG"
"9729";"HUSV ANTENN/PARABOL"
"9730";"HUSV TAKFLÄKT"
"9731";"HUSV LUFTKOND/AC"
"9732";"HUSV STEGE/LASTRÄCKE"
"9733";"HUSV ELPATRON"
"9734";"HUSV VATTENPUMP"
"9735";"HUSV ÖVRIGT 12-VOLT"
"9736";"HUSV ÖVRIGT 230-VOLT"
"9737";"HUSV VATTENKRAN"
"9738";"HUSV BELYSNING"
"9739";"HUSV TRAPPA"
"9740";"HUSV DÖRR"
"9741";"HUSV LÅS"
"9742";"HUSV VENTIL"
"9743";"HUSV KOMPLETT CHASSI"
"9744";"HUSV BROMSTRUMMA"
"9745";"HUSV MARKIS"
"9746";"HUSV BAKLJUS LIKSIDIG"
"9747";"HUSV BAKLJUS VÄ"
"9748";"HUSV BAKLJUS HÖ"
"9749";"HUSV FÖNSTER KASSETT"
"9750";"HUSV FÖNSTER FÖR GUMMILIST"
"9751";"HUSV FÖNSTER HÄNGFÖNSTER"
"9752";"HUSV TILLBEHÖR KÖK"
"9753";"HUSV TILLBEHÖR TOALETT"
"9754";"HUSV TILLBEHÖR KAROSS"
"9755";"HUSV TILLBEHÖR ÖVRIGT"
"9756";"HUSV SÄKERHETSUTRUSTNING"
"9757";"HUSV INREDNING ÖVRIGT"
"9758";"HUSV KAROSS ÖVRIGT"
"9759";"HUSV TILLBEHÖR KYLSKÅP"
"9760";"HUSV SPIS/UGN"
"9761";"HUSV VASK"
"9762";"HUSV MARKIS TILLBEHÖR"
"9763";"HUSV TOA/FÖRVARINGS LUCKA"
"9764";"HUSV SÄNG TILLBEHÖR"
"9765";"HUSV BAKLJUSSARG"
"9766";"HUSV SOLPANEL"
"9767";"MICRO"
"9800";"! ! VER 1.41 05-XX-XX ! !"
"9801";"ABS MAGNETVENTIL LASTBIL"
"9802";"AVGASBROMS LASTBIL"
"9803";"BAKAXELBRYGGA LASTBIL"
"9804";"BOGGIE AXEL LASTBIL"
"9805";"BROMSKLOCKA BOGGIE LASTBIL"
"9806";"BROMSKLOCKA DRIVAXEL LASTBIL"
"9807";"BROMSKLOCKA FRAM LASTBIL"
"9808";"BROMSNYCKEL DRIVAXEL LASTBIL"
"9809";"BROMSNYCKELAXEL DRIVAXEL LASTBIL"
"9810";"BROMSREGLERINGSVENTIL TRAILER"
"9811";"BROMSRELÄVENTIL LASTBIL"
"9812";"BROMSSKÖLD DRIVAXEL LASTBIL"
"9813";"CYLINDERFODER LASTBIL"
"9814";"FJÄDER GUMMISTOPP LASTBIL"
"9815";"FJÄDERBULT DRIVAXEL LASTBIL"
"9816";"FJÄDERBULT FRAM LASTBIL"
"9817";"FJÄDERFÄSTE LASTBIL"
"9818";"FJÄDERKRAMPOR LASTBIL"
"9819";"HYDRAULCYLINDER LASTBIL"
"9820";"HYDRAULLIK ÖVRIGT LASTBIL"
"9821";"HYDRAULPUMP LASTBIL"
"9822";"HYDRAULSLANG LASTBIL"
"9823";"HYDRAULTANK LASTBIL"
"9824";"HYDRAULVENTIL LASTBIL"
"9825";"HYTTCYLINDER LASTBIL"
"9826";"HYTTCYLINDERFÄSTE LASTBIL"
"9827";"HYTTFOTSTEG LASTBIL"
"9828";"HYTTSPÄRR LASTBIL"
"9829";"KOMPRESSOR LASTBIL"
"9830";"KRAFTUTTAGSAXEL LASTBIL"
"9831";"LUFTFJÄDERBÄLG LASTBIL"
"9832";"LUFTFJÄDRING BÄLGFÄSTE LASTBIL"
"9833";"LUFTFJÄDRING FÄSTE/STAG LASTBIL"
"9834";"FJÄDRING VENTILER LASTBIL"
"9835";"LUFTFJÄDRING RADIALSTAG LASTBIL"
"9836";"FRAMAXEL/ÖVRIGT LASTBIL"
"9837";"FJÄDRING ÖVRIGT LASTBIL"
"9838";"NAV LASTBIL"
"9839";"NAV ÖVRIGT LASTBIL"
"9840";"NAVREDUKTION ÖVRIGT LASTBIL"
"9841";"OLJEKYLARE LASTBIL"
"9842";"PLANETVÄXEL LASTBIL"
"9843";"SKÄRMSTAG/FÄSTE/KONSOL LASTBIL"
"9844";"SPEGEL UTVÄNDIG ÖVRIGT LASTBIL"
"9845";"STRÅLKASTARE KURVLJUS/DIMLJUS LASTBIL"
"9846";"STÖTDÄMPARFÄSTE LASTBIL"
"9847";"CYLINDERHUVUD MOTOR LASTBIL"
"9848";"VÄXELLÅDA ÖVRIGT LASTBIL"
"9849";"VÄXELLÅDSDREV LASTBIL"
"9850";"SVÄNGHJULSKÅPA LASTBIL"
"9851";"BROMSNYCKEL FRAM LASTBIL"
"9852";"BROMSSKÖLD LASTBIL"
"9853";"TRYCKLUFT ÖVRIGT LASTBIL"
"9854";"KRAFTUTTAG LASTBIL"
"9855";"BROMSTRUMMA LASTBIL"
"9856";"BROMSNYCKELAXEL BOGGIE LASTBIL"
"9857";"FJÄDERFÄSTE DRIVAXEL LASTBIL"
"9858";"BOGGIE ÖVRIGT LASTBIL"
"9859";"FJÄDERKROK DRIVAXEL LASTBIL"
"9860";"SÄNG LASTBIL"
"9861";"SKÄRM LASTBIL"
"9862";"BROMSTRUMMA DRIVAXEL LASTBIL"
"9863";"VÄRMEFLÄKTSLANG LASTBIL"
"9864";"BOGGIE MOTOR LASTBIL"
"9865";"VÄXELKLO LASTBIL"
"9866";"STEGE LASTBIL"
"9867";"SKÅP LASTBIL"
"9868";"BROMSNYCKELAXEL FRAM LASTBIL"
"9869";"BOGGIEAXEL KONSOL LASTBIL"
"9870";"VÄXELSPAKSÖVERFÖRING LASTBIL"
"9871";"BROMSHÅLLARE BOGGIE LASTBIL"
"9872";"LUFTFJÄDRING TVÄRSTAG LASTBIL"
"9873";"BAKAXEL DIFFERENTIALKORS LASTBIL"
"9874";"BAKAXEL DIFFERENTIALHYLSA LASTBIL"
"9875";"BAKAXEL ÄNDMEDBRINGARE LASTBIL"
"9876";"DIFFERENTIALHUSHALVA LASTBIL"
"9877";"BOGGIE LAGERHALVA LASTBIL"
"9878";"BREDDMARKERINGSLJUS LASTBIL"
"9879";"NAVREDUKTION LASTBIL"
"9880";"CENTRALSMÖRJNINGSPUMP LASTBIL"
"9881";"TRYCKLUFTSTANK LASTBIL"
"9882";"TRYCKLUFTSREGULATOR LASTBIL"
"9883";"UNDERKÖRNINGSSKYDD LASTBIL"
"9884";"LUFTRENAREFÄSTE LASTBIL"
"9885";"HJÄLPSTYRCYLINDER LASTBIL/BUSS"
"9886";"BACKSPEGELKÅPA/GLAS DÖRR LASTBIL"
"9887";"BAKLJUS LASTBIL"
"9888";"BLADFJÄDER FRAM/BAK LASTBIL"
"9889";"BROMSOK DRIV LASTBIL"
"9890";"BROMSOK LÖP LASTBIL"
"9891";"BROMSOK PUSHER LASTBIL"
"9892";"BROMSOK SLÄP"
"9893";"DÖRR ÖVRIGT LASTBIL"
"9894";"HYTT ÖVRIGT LASTBIL"
"9895";"HYTTHÖRN LASTBIL"
"9896";"HYTTUTRUSTNING LASTBIL"
"9897";"KARDANAXEL / KARDANMELLANAXEL LASTBIL"
"9898";"KRAN UTRUSTNING"
"9899";"KRÄNGNINGSHÄMMARE LASTBIL"
"9900";"KYLARE LASTBIL"
"9901";"LUFTFJÄDERBALK LASTBIL"
"9902";"LUFTTANK LASTBIL"
"9903";"LUFTTORK BROMSAR LASTBIL"
"9904";"MOTOR LASTBIL"
"9905";"PARKERINGSLJUS LASTBIL"
"9906";"PÅBYGGNAD LASTBIL"
"9907";"RETARDER UTRUSTNING"
"9908";"STARTMOTOR LASTBIL"
"9909";"STRÅLKASTARGLAS LASTBIL"
"9910";"STRÖMSTÄLLARE KNAPPAR LASTBIL"
"9912";"BROMSCYLINDER LASTBIL"
"9913";"UTRUSTNING ÖVRIGT LASTBIL"
"9914";"VÄXELLÅDA LASTBIL"
"9950";"KOMPLETT GRÄVAGGREGAT"
"9951";"BOM GRÄVAGGREGAT"
"9952";"BOM KOLV GRÄVAGGREGAT"
"9953";"BOMFÄSTE GRÄVAGGREGAT"
"9954";"KOLV VIKBART BOMFÄSTE GRÄVAGGREGAT"
"9955";"VIKBART BOMFÄSTE GRÄVAGGREGAT"
"9956";"MELLAN BOM GRÄVAGGREGAT"
"9957";"MELLAN BOM KOLV GRÄVAGGREGAT"
"9958";"STICKA GRÄVAGGREGAT"
"9959";"STICKA KOLV GRÄVAGGREGAT"
"9960";"HUNDBEN GRÄVAGGREGAT"
"9961";"LÄNK GRÄVAGGREGAT"
"9962";"ROTOR/TILT GRÄVAGGREGAT"
"9963";"TAPPAR GRÄVAGGREGAT"
"9964";"SKOPA GRÄVAGGREGAT"
"9965";"SKOPA KOLV GRÄVAGGREGAT"
"9966";"SKOPTAND GRÄVAGGREGAT"
"9967";"SCHAKTBLAD HYDRAULKOLV GRÄVAGGREGAT"
"9968";"REDSKAPSFÄSTE GRÄVAGGREGAT"
"9969";"REDSKAP UTR GRÄVAGGREGAT"
