"1000";"BILTILLBEHÖR"
"1090";"BÅTTILLBEHÖR"
"1100";"ALFA ÖVRIGT"
"1101";"ALFA CROSSWAGON Q4"
"1102";"ALFA 1300,1600,1750,2000 62-78"
"1105";"ALFA ALFASUD / SPRINT"
"1110";"ALFA ALFETTA"
"1115";"ALFA SPIDER"
"1119";"ALFA JUNIOR 25->>"
"1120";"ALFA GIULIETTA"
"1121";"ALFA GIULIA"
"1122";"ALFA STELVIO 17->>"
"1123";"ALFA TONALE 22->>"
"1124";"ALFA 8C"
"1125";"ALFA GTV"
"1127";"ALFA GT"
"1130";"ALFA 33"
"1131";"ALFA 145/146"
"1132";"ALFA 147"
"1140";"ALFA 75"
"1141";"ALFA 155"
"1142";"ALFA 156"
"1145";"ALFA 77"
"1150";"ALFA 159"
"1160";"ALFA 90"
"1170";"ALFA 164"
"1171";"ALFA 166"
"1175";"ALFA BRERA"
"1176";"ALFA Mi.To 09-17"
"1179";"ALFA 4C"
"1200";"AMC ÖVRIGT"
"1205";"AMC RAMBLER"
"1210";"AMC GREMLIN"
"1215";"AMC PACER"
"1220";"AMC HORNET"
"1225";"AMC JAVELIN"
"1250";"JEEP ÖVRIGT"
"1251";"JEEP WRANGLER 87->>"
"1252";"JEEP LIBERTY 02-13"
"1253";"JEEP RENEGADE 15->>"
"1254";"JEEP AVENGER 23->>"
"1259";"JEEP GRAND CHEROKEE 21->>"
"1260";"JEEP CHEROKEE 74->>"
"1261";"JEEP GRAND CHEROKEE 93-98"
"1262";"JEEP GRAND CHEROKEE 99-04"
"1263";"JEEP GRAND CHEROKEE 05-10"
"1264";"JEEP GRAND CHEROKEE 11-20"
"1265";"JEEP COMANCHE 85-92"
"1266";"JEEP GLADIATOR 19->>"
"1267";"JEEP PATRIOT 07-17"
"1270";"JEEP COMPASS 07->>"
"1273";"JEEP COMMANDER 06-10"
"1300";"AUDI ÖVRIGT"
"1304";"AUDI 50 74-78"
"1305";"AUDI 60 68-72"
"1306";"AUDI TT/TTS 07-14"
"1307";"AUDI TT/TTS/TT RS 15->>"
"1308";"AUDI A4/S4 B9 20-24"
"1309";"AUDI A4/S4 B9 16-19"
"1310";"AUDI 80 73-76"
"1311";"AUDI 80 77-78"
"1312";"AUDI 80 79-84"
"1313";"AUDI 80/90 85-86"
"1314";"AUDI 80/90 87-91"
"1315";"AUDI 80/S2 92-95"
"1316";"AUDI A4/S4 8D 94-99"
"1317";"AUDI A4/S4 8D 99-00"
"1318";"AUDI A4/S4 8E/8H 01-05"
"1319";"AUDI TT 99-06"
"1320";"AUDI COUPE CABRIOLET"
"1321";"AUDI A4/S4 8E/8H 05-08"
"1322";"AUDI A4/S4 8K 08-11"
"1323";"AUDI A4 8K 12-15"
"1324";"AUDI A6 ALLROAD 4G 12-18"
"1325";"AUDI A6 ALLROAD 4B 01-05"
"1326";"AUDI A6 ALLROAD 4F 06-11"
"1327";"AUDI A4 ALLROAD 8K 09-16"
"1329";"AUDI A4 ALLROAD B9 17-24"
"1330";"AUDI 100 69-73"
"1331";"AUDI 100 74-76"
"1332";"AUDI 100 77-79"
"1333";"AUDI 100 80-82"
"1334";"AUDI 100 83-91"
"1335";"AUDI 100/S4 91-94"
"1336";"AUDI A6/S6 4A 95-97"
"1337";"AUDI A6/S6 4B 97-05"
"1338";"AUDI A6/S6 4F 05-11"
"1339";"AUDI A6/S6 4G 11-18"
"1340";"AUDI QUATTRO 81-91"
"1341";"AUDI A3/S3 8L 96-03"
"1342";"AUDI A3/S3 8P 04-05"
"1343";"AUDI A6 F2/C8 19-24"
"1344";"AUDI A6/S6 E-TRON 24->>"
"1345";"AUDI A3/S3 8P 05-13"
"1346";"AUDI A3/S3 8V 13-20"
"1347";"AUDI A3/S3 8Y 21->>"
"1348";"AUDI Q6 E-TRON CN 24->>"
"1349";"AUDI A7 SPORTBACK 4K 18->>"
"1350";"AUDI 200 80-91"
"1351";"AUDI A2 8Z 01-05"
"1352";"AUDI A1/S1 11-18"
"1353";"AUDI A1 19->>"
"1354";"AUDI A7/S7 4G 11-17"
"1355";"AUDI Q7/SQ7"
"1356";"AUDI Q5 09-16"
"1357";"AUDI Q3 8U 12-18"
"1358";"AUDI Q2/SQ2 17->>"
"1359";"AUDI Q5/SQ5 FY 17-24"
"1360";"AUDI V8 89-93"
"1361";"AUDI Q3 F3 19->>"
"1362";"AUDI A8/S8 4D 94-02"
"1363";"AUDI R8 07->>"
"1364";"AUDI A8/S8 4E 02-09"
"1365";"AUDI A5/S5/RS5 8F/8T 07-16"
"1366";"AUDI A8/S8 4H 10-17"
"1367";"AUDI A5/S5/RS5 F5 17-24"
"1368";"AUDI Q8/SQ8 4M 19->>"
"1369";"AUDI A8/S8 D5 18->>"
"1370";"AUDI E-TRON, S GE 19->>"
"1371";"AUDI Q4 E-TRON FZ 22->>"
"1372";"AUDI E-TRON GT FW 21->>"
"1373";"AUDI Q8/SQ8 E-TRON 4K 23->>"
"1374";"AUDI A5 B10 25->>"
"1375";"AUDI Q5 GU 25->>"
"1376";"AUDI Q6 E-TRON F8 24->>"
"1400";"BMC ÖVRIGT"
"1405";"BMC 850-1275"
"1410";"BMC 1100-1300"
"1420";"BMC ALLEGRO"
"1425";"BMC MARINA"
"1430";"BMC MAXI"
"1435";"BMC PRINCESS"
"1438";"DACIA SANDERO/STEPWAY 21->>"
"1439";"DACIA SANDERO/STEPWAY 13-20"
"1440";"DACIA SANDERO 09-13"
"1441";"DACIA LOGAN MCV/STEPWAY"
"1442";"DACIA LOGAN PICK-UP"
"1443";"DACIA LOGAN VAN"
"1444";"DACIA DUSTER 10-17"
"1445";"DACIA LODGY 12-18"
"1446";"DACIA DOKKER 13-21"
"1447";"DACIA DUSTER 18-24"
"1448";"DACIA JOGGER 22->>"
"1449";"DACIA DUSTER 24->>"
"1450";"DACIA SPRING 22->>"
"1451";"DACIA BIGSTER 25->>"
"1499";"DACIA ÖVRIGT"
"1500";"BMW ÖVRIGT"
"1501";"BMW Z3 E36/6 94-02"
"1502";"BMW Z4 E85/86 CAB/COUPE 02-08"
"1503";"BMW Z4 E89 09-16"
"1504";"BMW Z8 E52 98-03"
"1505";"BMW 1502-2002 67-77"
"1506";"BMW X5 E53 99-06"
"1507";"BMW X3 E83 03-10"
"1508";"BMW X6 E71/E72 08-14"
"1509";"BMW X5 E70 07-13"
"1510";"BMW 1500-2000 E2 62-71"
"1511";"BMW X3 F25 10-17"
"1512";"BMW X4 F26 14-18"
"1513";"BMW X5 F15 13-18"
"1514";"BMW X6 F16 14-19"
"1515";"BMW 2500-3,0 E3 68-77"
"1516";"BMW X1 E84 10-15"
"1517";"BMW X1 F48 15-22"
"1518";"BMW X3 G01 18-24"
"1519";"BMW X2 F39 18-23"
"1520";"BMW 1 E87/81 5D/3D 03-11"
"1521";"BMW 1 E82/88 COUPE/CAB 06-13"
"1522";"BMW 1 F20/F21 11-19"
"1523";"BMW Z4 G29 19->>"
"1524";"BMW X7 G07 19->>"
"1525";"BMW 3 E21 75-83"
"1526";"BMW 3 E30 83-94"
"1527";"BMW 3 E36 91-00"
"1528";"BMW 3 E46 98-05"
"1529";"BMW 3 E90/91 SED/TOU 05-12"
"1530";"BMW 3 E92/93 COUPE/CAB 05-14"
"1531";"BMW 3 F30/F31/F80 12-19"
"1532";"BMW 3 GT F34 13-19"
"1533";"BMW 3 G20/G21/G80/G81 19->>"
"1534";"BMW X5 G05 18->>"
"1535";"BMW 5 E12 72-81"
"1536";"BMW 5 E28 81-88"
"1537";"BMW 5 E34 88-96"
"1538";"BMW 5 E39 95-04"
"1539";"BMW 5 E60/61 SED/TOU 02-10"
"1540";"BMW 5 F10/F11/F18 09-17"
"1541";"BMW 5 GT F07 09-17"
"1542";"BMW 5 G30/G31/F90 17-23"
"1543";"BMW XM G09 23->>"
"1544";"BMW X1/iX1 U11 23->>"
"1545";"BMW 1 F40 19-24"
"1546";"BMW X2/iX2 U10 24->>"
"1547";"BMW 5/i5 G60/G61 24->>"
"1548";"BMW 1 F70 24->>"
"1549";"BMW X6 G06 19->>"
"1550";"BMW 6 E24 76-82"
"1551";"BMW 6 E24 83-89"
"1552";"BMW 6 E63/64 02-10"
"1553";"BMW 6 F12/F13 10-18"
"1554";"BMW 6 GRAN COUPE F06 12-19"
"1555";"BMW 6 GT G32 18->>"
"1560";"BMW 7 E23 77-86"
"1561";"BMW 7 E32 86-94"
"1562";"BMW 7 E38 93-01"
"1563";"BMW 7 E65/66 00-08"
"1564";"BMW 7 F01/F02/F03/F04 09-15"
"1565";"BMW 7 G11/G12 15-22"
"1569";"BMW 8 G14/G15/G16 18->>"
"1570";"BMW 8 E31 89-99"
"1571";"BMW i8 I12 13-20"
"1572";"BMW i7/M760e G70 22->>"
"1573";"BMW iX3 G08 21-25"
"1574";"BMW iX I20 22->>"
"1575";"BMW i3 I01 13-22"
"1576";"BMW iX3 NA5 26->>"
"1577";"BMW X3 G45 25->>"
"1578";"BMW 2 U06 Active Tourer 22->>"
"1579";"BMW 2 G42 22->>"
"1580";"BMW 2 F22/F23/F87 Coupé/Cab 13-21"
"1581";"BMW 2 F46 GRAN TOURER 15-22"
"1582";"BMW 2 F45 Active Tourer 14-21"
"1583";"BMW 2 F44 GRAN COUPÉ 19-23"
"1584";"BMW 4 G22/G23/G82/F83 21->>"
"1585";"BMW 4 F32/F33/F82/F83 13-20"
"1586";"BMW 4 F36 GRAN COUPE 14-20"
"1590";"BMW X4 G02 18->>"
"1591";"BMW 4/i4 G26 GRAN COUPE 21->>"
"1600";"CHRYSLER ÖVRIGT"
"1601";"CHRYSLER VIPER 93-99"
"1602";"CHRYSLER PT CRUISER 00-10"
"1603";"CHRYSLER SEBRING 95-10"
"1604";"CHRYSLER CROSSFIRE 04-08"
"1605";"CHRYSLER ASPEN 07-09"
"1607";"CHRYSLER LEBARON 77-94"
"1610";"CHRYSLER BELVEDERE"
"1620";"CHRYSLER CHALLENGER"
"1625";"CHRYSLER CHARGER 75-78"
"1630";"PLYMOUTH ÖVRIGT"
"1635";"DODGE ÖVRIGT"
"1636";"DODGE STEALTH 91-96"
"1637";"DODGE DURANGO 98->>"
"1638";"DODGE VIPER 92-17"
"1639";"DODGE DART 60-76"
"1640";"DODGE CALIBER 06-13"
"1643";"DODGE NITRO 06-11"
"1644";"DODGE CARAVAN 84-20"
"1645";"CHRYSLER NEON I 95-99"
"1646";"CHRYSLER NEON II 00-05"
"1647";"CHRYSLER 300M 99-04"
"1648";"CHRYSLER 300/300C 05-23"
"1650";"CHRYSLER SATELLITE 71-74"
"1655";"CHRYSLER VALIANT 59-81"
"1659";"CHRYSLER NEW YORKER 39-97"
"1660";"CHRYSLER VOLARE"
"1661";"CHRYSLER VISION 93-98"
"1665";"CHRYSLER STRATUS 95-00"
"1676";"DODGE AVENGER 95-14"
"1678";"DODGE MAGNUM 78-08"
"1680";"DODGE PICK UP D100 65-71"
"1681";"DODGE PICK UP D200 65-71"
"1682";"DODGE PICK UP D300 68-71"
"1683";"DODGE PICKUP RAM 81->>"
"1684";"DODGE VAN B100 71-80"
"1685";"DODGE VAN B200/250 71-80"
"1686";"DODGE VAN B300 71-80"
"1690";"DODGE VAN RAM ÖVRIGT"
"1691";"DODGE JOURNEY 09-20"
"1694";"CHRYSLER VOYAGER 08-10"
"1695";"CHRYSLER VOYAGER 88-90"
"1696";"CHRYSLER VOYAGER 91-95"
"1697";"CHRYSLER VOYAGER 96-01"
"1698";"CHRYSLER VOYAGER 01-04"
"1699";"CHRYSLER VOYAGER 04-07"
"1700";"CITROEN ÖVRIGT"
"1701";"CITROEN ID-DS 55-75"
"1702";"CITROEN BERLINGO 96-02"
"1703";"CITROEN BERLINGO 03-07"
"1704";"CITROEN SAXO 96-04"
"1705";"CITROEN AX 87-98"
"1706";"CITROEN XSARA PICASSO 00-10"
"1707";"CITROEN BERLINGO 08-18"
"1708";"CITROEN BERLINGO/E-BERLINGO 19->>"
"1709";"CITROEN C5 01-04"
"1710";"CITROEN BX 82-94"
"1711";"CITROEN C5 05-08"
"1712";"CITROEN C5 08-17"
"1713";"CITROEN C3 PICASSO 09-17"
"1714";"CITROEN C3 PLURIEL 03-10"
"1715";"CITROEN CX 75-91"
"1716";"CITROEN C3 02-04"
"1717";"CITROEN C2 04-10"
"1718";"CITROEN C3 10-17"
"1719";"CITROEN C3 05-10"
"1720";"CITROEN XANTIA 93-02"
"1721";"CITROEN DS5 12-15"
"1722";"CITROEN XSARA 98-06"
"1723";"CITROEN DS4 11-15"
"1724";"CITROEN DS3 10-16"
"1725";"CITROEN GS 70-86"
"1726";"CITROEN C6 06-13"
"1727";"CITROEN C3/E-C3 24->>"
"1728";"CITROEN C3 AIRCROSS 18-23"
"1729";"CITROEN C3 17-24"
"1730";"CITROEN GSA 80-86"
"1731";"CITROEN C4 I 05-10"
"1732";"CITROEN C4 II 11-18"
"1733";"CITROEN C5 AIRCROSS 19-24"
"1734";"CITROEN C4/E-C4 C4X/E-C4X 21->>"
"1735";"CITROEN VISA 78-88"
"1736";"CITROEN C-ZERO 12-15"
"1737";"CITROEN C5 X CROSSOVER 22-25"
"1738";"CITROEN C3/E-C3 AIRCROSS 25->>"
"1739";"CITROEN C5 AIRCROSS 25->>"
"1740";"CITROEN XM 89-01"
"1745";"CITROEN ZX 91-98"
"1746";"CITROEN C4 CACTUS 14-20"
"1750";"CITROEN EVASION 94-02"
"1751";"CITROEN C4 AIRCROSS 12-18"
"1753";"CITROEN C4 SPACETOURER 19-22"
"1754";"CITROEN C4 PICASSO 14-18"
"1755";"CITROEN C4 PICASSO 07-13"
"1756";"CITROEN C4 GRAND PICASSO 07-13"
"1757";"CITROEN C4 GRAND PICASSO 14-18"
"1758";"CITROEN C4 GRAND SPACETOURER 19-22"
"1760";"CITROEN C1 06-13"
"1761";"CITROEN C1 14-22"
"1765";"CITROEN NEMO 07-14"
"1779";"CITROEN JUMPY/E-JUMPY 16->>"
"1780";"CITROEN JUMPER 94-01"
"1781";"CITROEN JUMPER 02-06"
"1782";"CITROEN JUMPER 07-13"
"1783";"CITROEN JUMPY 95-06"
"1784";"CITROEN JUMPY 07-16"
"1785";"CITROEN C8 03-14"
"1786";"CITROEN JUMPER/E-JUMPER 14->>"
"1788";"CITROEN C15 84-05"
"1790";"CITROEN C25 82-94"
"1791";"CITROEN E-MEHARI 17-20"
"1792";"CITROEN SPACETOURER/E-SPACETOURER 16->>"
"1794";"CITROEN C-CROSSER 08-13"
"1795";"DS 4 / DS 4 E-TENSE 22->>"
"1796";"DS 4 CROSSBACK 16-18"
"1797";"DS 3 CROSSBACK 20-23"
"1798";"DS 7 CROSSBACK 19-23"
"1799";"CITROEN LAST"
"1800";"DAF ÖVRIGT"
"1801";"DS 3 / DS 3 E-TENSE 23->>"
"1802";"DS 7 / DS 7 E-TENSE 23->>"
"1803";"DS N 8 25->>"
"1810";"DAF 55/66"
"1900";"DAIHATSU ÖVRIGT"
"1901";"DAIHATSU SIRION"
"1905";"DAIHATSU CHARADE 79-83"
"1910";"DAIHATSU CHARADE 84-87"
"1915";"DAIHATSU CHARADE 87-93"
"1916";"DAIHATSU CHARADE 94-00"
"1920";"DAIHATSU CHARMANT"
"1924";"DAIHATSU CUORE"
"1925";"DAIHATSU APPLAUSE"
"1930";"DAIHATSU GRAN MOVE"
"1940";"DAIHATSU YRV"
"1980";"DAIHATSU ROCKY"
"1981";"DAIHATSU FEROZA"
"1983";"DAIHATSU TERIOS"
"1990";"DAIHATSU 850, HIJET"
"1991";"DAIHATSU 1000, HIJET"
"1999";"DAIHATSU LAST"
"2000";"DATSUN ÖVRIGT"
"2005";"DATSUN 1200-1400"
"2006";"DATSUN 1600-1800"
"2010";"DATSUN 100"
"2015";"DATSUN 120 A"
"2017";"DATSUN 120 Y"
"2020";"DATSUN 140 Y"
"2030";"DATSUN 160 J 73-77"
"2031";"DATSUN 160 J 78-80"
"2035";"DATSUN 180 B 72-77"
"2036";"DATSUN 180 B 77-80"
"2037";"DATSUN 200L LAUREL"
"2099";"DATSUN 720 LAST/PICKUP"
"2100";"NISSAN ÖVRIGT"
"2101";"NISSAN ALMERA 96-00"
"2102";"NISSAN ALMERA 00-06"
"2103";"NISSAN CEDRIC"
"2104";"NISSAN GT-R"
"2105";"NISSAN BLUEBIRD 80-84"
"2106";"NISSAN BLUEBIRD 85-86"
"2107";"NISSAN BLUEBIRD 87-90"
"2108";"NISSAN SKYLINE"
"2109";"NISSAN TITAN"
"2110";"NISSAN CHERRY N10 79-82"
"2111";"NISSAN CHERRY N12 82-86"
"2112";"NISSAN 370Z"
"2113";"NISSAN ARIYA 21->>"
"2114";"NISSAN JUKE 20->>"
"2115";"NISSAN LAUREL"
"2116";"NISSAN ALMERA TINO"
"2117";"NISSAN JUKE 10-14"
"2118";"NISSAN JUKE 14-19"
"2119";"NISSAN MICRA C+C"
"2120";"NISSAN MICRA K10 83-92"
"2121";"NISSAN MICRA K11 93-98"
"2122";"NISSAN MICRA K11 99-02"
"2123";"NISSAN MICRA K12 03-07"
"2124";"NISSAN MICRA K12 08-10"
"2125";"NISSAN SUNNY 79-83"
"2126";"NISSAN SUNNY 84-86"
"2127";"NISSAN SUNNY 87-91"
"2128";"NISSAN SUNNY 91-95"
"2129";"NISSAN SUNNY 95-02"
"2130";"NISSAN MAXIMA 89-94"
"2131";"NISSAN MAXIMA 95-00"
"2132";"NISSAN MAXIMA 00-04"
"2133";"NISSAN MICRA K13 11-16"
"2134";"NISSAN MICRA K14 17-23"
"2135";"NISSAN STANZA"
"2136";"NISSAN PATHFINDER R51 05-12"
"2137";"NISSAN PATHFINDER R50 96-05"
"2138";"NISSAN PATHFINDER R52 13-21"
"2139";"NISSAN MICRA EV 25->>"
"2140";"NISSAN PRIMERA 91-96"
"2141";"NISSAN PRIMERA 97-99"
"2142";"NISSAN PRIMERA 00-01"
"2143";"NISSAN PRIMERA 02-07"
"2145";"NISSAN 180 ZX"
"2146";"NISSAN 200 SX"
"2147";"NISSAN NV250 20-22"
"2148";"NISSAN 200/220 72-74"
"2150";"NISSAN 240ZX 280ZX 300ZX"
"2151";"NISSAN 350Z"
"2152";"NISSAN LEAF 25->>"
"2153";"NISSAN MURANO 02-08"
"2154";"NISSAN MURANO 09-15"
"2155";"NISSAN TOWNSTAR 22->>"
"2156";"NISSAN INTERSTAR 23->>"
"2157";"NISSAN PIXO"
"2158";"NISSAN SILVIA"
"2159";"NISSAN 180SX"
"2160";"NISSAN NOTE (E11) 06-14"
"2161";"NISSAN NOTE (E12) 14-20"
"2162";"NISSAN X-TRAIL T33 22->>"
"2163";"NISSAN LEAF 11-17"
"2164";"NISSAN LEAF 18-24"
"2165";"NISSAN NAVARA 05-16"
"2166";"NISSAN NAVARA, TREK-1 17-21"
"2167";"NISSAN QASHQAI 21->>"
"2168";"NISSAN PULSAR"
"2169";"NISSAN E-NV200 / EVALIA"
"2170";"NISSAN NP300"
"2171";"NISSAN NV300 16-22"
"2172";"NISSAN QASHQAI 17-21"
"2173";"NISSAN QASHQAI 14-17"
"2174";"NISSAN QASHQAI 10-14"
"2175";"NISSAN 100 NX"
"2176";"NISSAN QASHQAI 07-10"
"2177";"NISSAN QUEST"
"2178";"NISSAN QASHQAI+2 08-10"
"2179";"NISSAN QASHQAI+2 10-14"
"2180";"NISSAN VANETTE"
"2181";"NISSAN INTERSTAR 02-11"
"2182";"NISSAN PRIMASTAR"
"2183";"NISSAN KUBISTAR"
"2184";"NISSAN ATLEON"
"2185";"NISSAN PRAIRIE"
"2186";"NISSAN X-TRAIL 14-21"
"2187";"NISSAN X-TRAIL 08-14"
"2188";"NISSAN PATROL"
"2189";"NISSAN X-TRAIL 01-07"
"2190";"NISSAN TERRANO"
"2191";"NISSAN NV200 / NV200 COMBI"
"2192";"NISSAN NV400 12-24"
"2193";"NISSAN KING CAB 84-98"
"2194";"NISSAN NAVARA 98-05"
"2195";"NISSAN URVAN/KING VAN"
"2196";"NISSAN SERENA CARGO"
"2197";"NISSAN CAB STAR"
"2198";"NISSAN TIIDA"
"2199";"NISSAN LAST"
"2200";"FIAT ÖVRIGT"
"2201";"FIAT 500 CINQUECENTO 91-98"
"2202";"FIAT 500 07-24"
"2203";"FIAT 500L 13-19"
"2204";"FIAT BRAVO 07-11"
"2205";"FIAT QUBO"
"2206";"FIAT BRAVO/BRAVA 96-02"
"2207";"FIAT LYBRA"
"2208";"FIAT 127 72-77"
"2209";"FIAT 127 78-83"
"2210";"FIAT 128"
"2211";"FIAT FREEMONT"
"2212";"FIAT 131 75-81"
"2213";"FIAT 131 82-84"
"2214";"FIAT 132 73-77"
"2215";"FIAT 132 78-80"
"2216";"FIAT COUPE"
"2217";"FIAT SEDICI"
"2218";"FIAT SIEMA"
"2219";"FIAT X1/9"
"2220";"FIAT ARGENTA"
"2221";"FIAT BARCHETTA"
"2222";"FIAT STILO"
"2223";"FIAT VIAGGIO"
"2224";"FIAT 500e 20->>"
"2225";"FIAT TEMPRA"
"2226";"FIAT MAREA"
"2228";"FIAT CROMA 06-11"
"2230";"FIAT CROMA 85-96"
"2231";"FIAT ULYSSE"
"2232";"FIAT IDEA"
"2235";"FIAT PANDA 83-85"
"2236";"FIAT PANDA 86-89"
"2237";"FIAT PANDA 04-11"
"2238";"FIAT PANDA 12-24"
"2239";"FIAT GRANDE PANDA 25->>"
"2240";"FIAT REGATTA 84-86"
"2241";"FIAT REGATTA 87-89"
"2242";"FIAT 500X 15-23"
"2250";"FIAT RITMO 79-82"
"2251";"FIAT RITMO 83-88"
"2270";"FIAT UNO"
"2271";"FIAT PUNTO 94-99"
"2272";"FIAT PUNTO 00-18"
"2275";"FIAT GRANDE PUNTO 05-10"
"2276";"FIAT PUNTO EVO 10-12"
"2278";"FIAT TIPO/CROSS 16->>"
"2279";"FIAT LINEA"
"2280";"FIAT TIPO 88-95"
"2281";"FIAT MULTIPLA"
"2282";"FIAT DOBLO"
"2283";"FIAT FIORINO"
"2284";"FIAT SCUDO 07-16"
"2285";"FIAT SCUDO 95-06"
"2286";"FIAT STRADA"
"2287";"FIAT TALENTO 16-20"
"2288";"FIAT 124 SPIDER 16-20"
"2289";"FIAT SCUDO 22->>"
"2290";"FIAT DUCATO 81-93"
"2291";"FIAT DUCATO 94-01"
"2292";"FIAT DUCATO 02-06"
"2293";"FIAT DUCATO 07-15"
"2294";"FIAT DUCATO 15-23"
"2295";"FIAT 600/E-600 24->>"
"2296";"FIAT FULLBACK 16-19"
"2297";"FIAT DUCATO/E-DUCATO 24->>"
"2299";"FIAT LAST"
"2300";"FORD USA ÖVRIGT"
"2301";"FORD COUGAR"
"2315";"FORD FAIRLANE"
"2316";"FORD STARLINER"
"2320";"FORD FALCON"
"2325";"FORD GALAXY 96-99"
"2326";"FORD GALAXY 00-06"
"2327";"FORD GALAXY 06-15"
"2328";"FORD GALAXY 16->>"
"2330";"LINCOLN ÖVRIGT"
"2331";"LINCOLN NAVIGATOR"
"2332";"LINCOLN CONTINENTAL"
"2333";"LINCOLN TOWN CAR"
"2334";"LINCOLN MARK VIII"
"2335";"FORD MERCURY"
"2337";"FORD MUSTANG VII S650 24->>"
"2338";"FORD MUSTANG Mach-E 21->>"
"2339";"FORD MUSTANG VI 15-22"
"2340";"FORD MUSTANG I 64-73"
"2341";"FORD MUSTANG II 74-78"
"2342";"FORD MUSTANG III 79-93"
"2343";"FORD MUSTANG IV 94-04"
"2344";"FORD MUSTANG V 05-14"
"2345";"FORD PINTO"
"2346";"FORD PROBE"
"2350";"FORD THUNDERBIRD"
"2351";"FORD RANGER EU/USA 83-06"
"2355";"FORD TAURUS"
"2369";"FORD EXPLORER ELECTRIC 24->>"
"2370";"FORD ECONOVAN"
"2371";"FORD EXPLORER 93-23"
"2372";"FORD BRONCO 66->>"
"2373";"FORD RANCHERO"
"2374";"FORD ECONOLINE"
"2375";"FORD VAN E100"
"2376";"FORD VAN E150"
"2377";"FORD VAN E250"
"2382";"FORD RANGER RAPTOR 24->>"
"2383";"FORD RANGER 22->>"
"2384";"FORD EXCURSION"
"2385";"FORD AEROSTAR"
"2386";"FORD WINDSTAR"
"2387";"FORD EXPEDITION"
"2388";"FORD RANGER EU 12-23"
"2389";"FORD RANGER EU/USA 07-11"
"2390";"FORD TRUCK F100"
"2391";"FORD TRUCK F150"
"2392";"FORD TRUCK F250"
"2398";"FORD CAPRI ELECTRIC 25->>"
"2399";"FORD GRAND C-MAX 07-10"
"2400";"FORD EUROPA ÖVRIGT"
"2401";"FORD PUMA 97-02"
"2402";"FORD PUMA/ELECTRIC 20->>"
"2403";"FORD FIESTA VII 18-23"
"2404";"FORD STREETKA"
"2405";"FORD CAPRI 65-73"
"2406";"FORD CAPRI 74-82"
"2407";"FORD FUSION"
"2408";"FORD GRAND C-MAX 15-19"
"2409";"FORD COURIER 91-02"
"2410";"FORD FIESTA I 76-83"
"2411";"FORD FIESTA II 84-88"
"2412";"FORD FIESTA III 89-96"
"2413";"FORD FIESTA IV 96-99"
"2414";"FORD FIESTA IV 00-01"
"2415";"FORD FIESTA V 02-05"
"2416";"FORD FIESTA V 06-08"
"2417";"FORD FIESTA VI 09-12"
"2418";"FORD FIESTA VI 13-17"
"2419";"FORD EXPRESS"
"2420";"FORD ESCORT 68-75"
"2421";"FORD ESCORT 75-80"
"2422";"FORD ESCORT 81-85"
"2423";"FORD ESCORT 86-90"
"2424";"FORD ESCORT 91-95"
"2425";"FORD ESCORT 95-00"
"2426";"FORD FOCUS 99-04"
"2427";"FORD FOCUS 04-07"
"2428";"FORD FOCUS 08-11"
"2429";"FORD FOCUS C-MAX I 03-06"
"2430";"FORD ORION 84-85"
"2431";"FORD ORION 86-90"
"2432";"FORD ORION 91-93"
"2433";"FORD C-MAX II 11-14"
"2434";"FORD GRAND C-MAX 11-14"
"2435";"FORD S-MAX 06-15"
"2436";"FORD FOCUS C-MAX I 07-10"
"2437";"FORD C-MAX II 15-19"
"2438";"FORD KUGA 08-12"
"2439";"FORD KUGA 13-16"
"2440";"FORD TAUNUS 12M-26M 65-72"
"2441";"FORD TAUNUS 71-75"
"2442";"FORD TAUNUS 76-79"
"2443";"FORD TAUNUS 80-82"
"2444";"FORD B-MAX 12-17"
"2445";"FORD SIERRA 82-87"
"2446";"FORD SIERRA 87-93"
"2447";"FORD MONDEO 93-96"
"2448";"FORD MONDEO 97-01"
"2449";"FORD MONDEO 01-06"
"2450";"FORD MONDEO 07-15"
"2451";"FORD MONDEO 15-22"
"2453";"FORD S-MAX 15->>"
"2454";"FORD KUGA 17-19"
"2455";"FORD KUGA/KUGA PHEV/FHEV 20->>"
"2457";"FORD KA+ 16-20"
"2458";"FORD KA 09-16"
"2459";"FORD KA 96-08"
"2460";"FORD GRANADA 72-77"
"2461";"FORD GRANADA 78-81"
"2462";"FORD GRANADA 82-85"
"2463";"FORD EDGE"
"2464";"FORD ECOSPORT 17->>"
"2470";"FORD SCORPIO 85-91"
"2471";"FORD SCORPIO 92-94"
"2472";"FORD SCORPIO 95-98"
"2473";"FORD FOCUS 11-14"
"2474";"FORD FOCUS 15-18"
"2475";"FORD FOCUS 19->>"
"2479";"FORD TRANSIT/TOURNEO COURIER 24->>"
"2480";"FORD TRANSIT/TOURNEO CUSTOM 24->>"
"2482";"FORD F-150/LIGHTNING 24->>"
"2483";"FORD MAVERICK"
"2484";"FORD TRANSIT/TOURNEO COURIER 13-23"
"2485";"FORD TOURNEO 95-02"
"2486";"FORD TRANSIT/TOURNEO CUSTOM 13-24"
"2487";"FORD TOURNEO CONNECT 03-08"
"2488";"FORD TOURNEO CONNECT 09-13"
"2489";"FORD TRANSIT/TOURNEO CONNECT 22->>"
"2490";"FORD TRANSIT 65-77"
"2491";"FORD TRANSIT 78-85"
"2492";"FORD TRANSIT 86-99"
"2493";"FORD TRANSIT 00-06"
"2494";"FORD TRANSIT 06-13"
"2495";"FORD TRANSIT SKÅP/BUSS 14-22"
"2496";"FORD E-TRANSIT SKÅP/BUSS 22->>"
"2497";"FORD TRANSIT CONNECT 03-08"
"2498";"FORD TRANSIT CONNECT 09-13"
"2499";"FORD TRANSIT/TOURNEO CONNECT 13-22"
"2500";"GM ÖVRIGT"
"2501";"CHEVROLET BERETTA"
"2505";"BUICK ÖVRIGT"
"2507";"CADILLAC XLR"
"2509";"CADILLAC LYRIQ 24->>"
"2510";"CHEVROLET MONZA"
"2511";"CHEVROLET NOVA"
"2512";"CADILLAC BLS"
"2513";"CADILLAC SRX"
"2514";"CADILLAC CTS"
"2515";"CADILLAC ÖVRIGT"
"2516";"CADILLAC ELDORADO"
"2517";"CADILLAC STS SEVILLE"
"2518";"CADILLAC DEVILLE"
"2519";"CADILLAC ESCALADE"
"2520";"CHEVROLET ÖVRIGT"
"2521";"CHEVROLET CAMARO"
"2522";"CHEVROLET AVALANCHE"
"2523";"CHEVROLET CORVETTE"
"2524";"CHEVROLET CORSICA"
"2525";"CHEVROLET CAPRICE"
"2526";"CHEVROLET CHEVELLE"
"2527";"CHEVROLET ALERO"
"2528";"CHEVROLET SILVERADO"
"2529";"CHEVROLET COLORADO"
"2530";"CHEVROLET EVANDA"
"2531";"CHEVROLET KALOS"
"2532";"CHEVROLET LACETTI"
"2533";"CHEVROLET MATIZ"
"2534";"CHEVROLET NUBIRA"
"2535";"CHEVROLET TACUMA"
"2536";"CHEVROLET M3X"
"2537";"CHEVROLET S3X"
"2538";"CHEVROLET CAPTIVA"
"2539";"CHEVROLET EPICA"
"2540";"OLDSMOBILE ÖVRIGT"
"2541";"OLDSMOBILE CUTLASS"
"2542";"OLDSMOBILE CUSTOM CRUISER"
"2543";"OLDSMOBILE DELTA 88 65-88"
"2544";"OLDSMOBILE F85 61-82"
"2549";"PONTIAC MONTANA"
"2550";"PONTIAC ÖVRIGT"
"2551";"PONTIAC BONNEVILLE"
"2552";"PONTIAC FIREBIRD"
"2553";"PONTIAC GTO"
"2554";"PONTIAC FIERO"
"2555";"PONTIAC TRANS SPORT"
"2556";"PONTIAC GRAND PRIX"
"2557";"PONTIAC TRANS AM"
"2559";"CHEVROLET HHR"
"2560";"CHEVROLET SUBURBAN"
"2561";"CHEVROLET BLAZER"
"2562";"CHEVROLET BLAZER S10"
"2563";"CHEVROLET S10 PICKUP"
"2565";"CHEVROLET TAHOE"
"2566";"CHEVROLET ORLANDO"
"2567";"CHEVROLET MALIBU"
"2570";"CHEVROLET TRUCK C/K 10"
"2572";"CHEVROLET TRUCK C/K 20"
"2574";"CHEVROLET TRUCK C/K 30"
"2575";"CHEVROLET TRUCK C/K 1500"
"2576";"CHEVROLET TRUCK C/K 2500"
"2577";"CHEVROLET TRUCK C/K 3500"
"2580";"CHEVROLET ASTRO"
"2581";"CHEVROLET UPLANDER"
"2582";"CHEVROLET TRANS SPORT"
"2583";"CHEVROLET TRAILBLAZER"
"2584";"CHEVROLET EXPRESS"
"2585";"CHEVROLET VAN G10"
"2587";"CHEVROLET VAN G20"
"2590";"CHEVROLET VAN G30"
"2591";"CHEVROLET BOLT"
"2592";"CHEVROLET VOLT"
"2593";"CHEVROLET AVEO"
"2594";"CHEVROLET CRUZE"
"2595";"CHEVROLET SPARK"
"2596";"CHEVROLET TRAX"
"2600";"HANOMAG"
"2650";"HUMMER H1"
"2651";"HUMMER H2"
"2652";"HUMMER H3"
"2700";"HONDA ÖVRIGT"
"2701";"HONDA ACCORD 77-81"
"2702";"HONDA ACCORD 82-85"
"2703";"HONDA ACCORD 86-89"
"2704";"HONDA ACCORD 90-93"
"2705";"HONDA ACCORD 94-98"
"2706";"HONDA ACCORD 99-02"
"2707";"HONDA ACCORD 03-07"
"2708";"HONDA ACCORD 08->>"
"2709";"HONDA JAZZ 08-14"
"2710";"HONDA JAZZ 02-08"
"2711";"HONDA S2000"
"2712";"HONDA STREAM"
"2713";"HONDA JAZZ 84-86"
"2714";"HONDA JAZZ 15-20"
"2715";"HONDA CRX"
"2716";"HONDA ODYSSEY"
"2717";"HONDA INTEGRA"
"2718";"HONDA INSIGHT"
"2719";"HONDA CIVIC 12-16"
"2720";"HONDA CIVIC 74-76"
"2721";"HONDA CIVIC 77-79"
"2722";"HONDA CIVIC 80-81"
"2723";"HONDA CIVIC 82-83"
"2724";"HONDA CIVIC 84-87"
"2725";"HONDA CIVIC 88-91"
"2726";"HONDA CIVIC 92-95"
"2727";"HONDA CIVIC 96-00"
"2728";"HONDA CIVIC 01-05"
"2729";"HONDA CIVIC 06-11"
"2730";"HONDA SHUTTLE 84-91"
"2731";"HONDA SHUTTLE 95-00"
"2732";"HONDA CIVIC 17-22"
"2733";"HONDA CIVIC e HEV 23->>"
"2734";"HONDA LOGO"
"2735";"HONDA NSX"
"2736";"HONDA E 20-23"
"2740";"HONDA PRELUDE 78-82"
"2741";"HONDA PRELUDE 83-84"
"2742";"HONDA PRELUDE 85-91"
"2743";"HONDA PRELUDE 92-96"
"2744";"HONDA PRELUDE 97-01"
"2750";"HONDA LEGEND 86-90"
"2751";"HONDA LEGEND 91-96"
"2752";"HONDA LEGEND 97-98"
"2753";"HONDA LEGEND 07->>"
"2755";"HONDA CONCERTO"
"2756";"HONDA JAZZ 21->>"
"2775";"HONDA QUINTET"
"2776";"HONDA PILOT"
"2778";"HONDA CR-V 97-01"
"2779";"HONDA CR-V 02-06"
"2780";"HONDA HR-V 98-06"
"2781";"HONDA HR-V 15-21"
"2782";"HONDA HR-V 21->>"
"2784";"HONDA ZR-V 23->>"
"2785";"HONDA FR-V 05-09"
"2786";"HONDA E:NY1 23->>"
"2790";"HONDA CR-V 07-12"
"2791";"HONDA CR-V 13-18"
"2792";"HONDA CR-V 19-22"
"2793";"HONDA CR-V 24->>"
"2795";"HONDA CR-Z"
"2799";"HONDA LAST"
"2800";"ISUZU ÖVRIGT"
"2805";"ISUZU ASKA"
"2807";"ISUZU D-MAX/D-MAX BEV"
"2810";"ISUZU GEMINI"
"2827";"ISUZU N SERIEN"
"2830";"ISUZU PIAZZA"
"2875";"ISUZU VAN WFR/WFS"
"2880";"ISUZU SPORT CAB"
"2883";"ISUZU PICKUP"
"2887";"ISUZU RODEO"
"2890";"ISUZU TROOPER"
"2895";"ISUZU CAMPO"
"2899";"ISUZU LAST"
"2900";"INTERNATIONAL ÖVRIGT"
"2950";"IVECO ÖVRIGT"
"2956";"IVECO DAILY 78-99"
"2957";"IVECO DAILY 00-06"
"2958";"IVECO DAILY 07-13"
"2959";"IVECO DAILY 14->>"
"2975";"JAGUAR ÖVRIGT"
"2976";"JAGUAR E-TYPE"
"2977";"JAGUAR S-TYPE"
"2978";"JAGUAR X-TYPE"
"2979";"JAGUAR XJ40 86-94"
"2980";"JAGUAR XK8/XKR 96-06"
"2981";"JAGUAR XF X260 16-24"
"2982";"JAGUAR XK 120/140/150 48-61"
"2983";"JAGUAR XJS"
"2984";"JAGUAR XF 08-15"
"2985";"JAGUAR XJ X300 95-97"
"2986";"JAGUAR XJ X308 98-02"
"2987";"JAGUAR XJ X350 03-09"
"2988";"JAGUAR XJ X351 10-19"
"2989";"JAGUAR GT EV 26->>"
"2990";"JAGUAR XJ Serie 1 68-73"
"2991";"JAGUAR XJ Serie 2 73-79"
"2992";"JAGUAR XJ Serie 3 79-92"
"2993";"JAGUAR XE X760 15-24"
"2994";"JAGUAR XK/XKR 06-14"
"2995";"JAGUAR E-PACE 17->>"
"2996";"JAGUAR I-PACE 18->>"
"2997";"JAGUAR F-TYPE"
"2998";"JAGUAR F-PACE"
"3000";"LADA ÖVRIGT"
"3005";"LADA 2104/2105"
"3009";"LADA BALTICA"
"3010";"LADA 2107"
"3011";"LADA 117"
"3012";"LADA PRIORA"
"3015";"LADA SAMARA"
"3090";"LADA NIVA"
"3100";"LANCIA ÖVRIGT"
"3105";"LANCIA A112"
"3110";"LANCIA Y10"
"3120";"LANCIA BETA 74-78"
"3121";"LANCIA YPSILON"
"3125";"LANCIA DEDRA"
"3126";"LANCIA PHEDRA"
"3127";"LANCIA VOYAGER"
"3130";"LANCIA PRISMA"
"3140";"LANCIA DELTA"
"3150";"LANCIA THEMA"
"3155";"LANCIA FLAVIA"
"3167";"MB AMG GT (C192/R192) 24->>"
"3168";"MB CLE-KLASS (C236/A236) 24->>"
"3169";"MB E-KLASS (W214) 24->>"
"3170";"MB GLC-KLASS (X254) 22->>"
"3171";"MB EQS SUV (X296) 22->>"
"3172";"MB EQE SUV (X294) 22->>"
"3200";"MAZDA ÖVRIGT"
"3201";"MAZDA FORTE"
"3202";"MAZDA 1300 70-77"
"3203";"MAZDA MIO"
"3204";"MAZDA NEO"
"3205";"MAZDA 121 88-91"
"3206";"MAZDA 121 92-95"
"3207";"MAZDA 2 DY 03-07"
"3208";"MAZDA 3 I 03-06"
"3209";"MAZDA 5 05-10"
"3210";"MAZDA 6 02-08"
"3211";"MAZDA 6 08-13"
"3212";"MAZDA 3 I 07-08"
"3213";"MAZDA 3 II 09-13"
"3214";"MAZDA 2 DE 08-15"
"3215";"MAZDA 323 F 90-94"
"3216";"MAZDA 323 F 95-98"
"3217";"MAZDA 323 F 99-03"
"3218";"MAZDA 5 10-18"
"3219";"MAZDA 3 III 14-19"
"3220";"MAZDA 323 76-78"
"3221";"MAZDA 323 79-80"
"3222";"MAZDA 323 81-82"
"3223";"MAZDA 323 83-85"
"3224";"MAZDA 323 86-89"
"3225";"MAZDA 323 90-94"
"3226";"MAZDA 323 95-98"
"3227";"MAZDA 323 99-03"
"3228";"MAZDA 6 13-21"
"3229";"MAZDA 2 KB HYBRID 22->>"
"3230";"MAZDA 616/618 71-74"
"3231";"MAZDA CX-30 20->>"
"3232";"MAZDA CX-60 22->>"
"3233";"MAZDA 3 IV 19->>"
"3234";"MAZDA 2 DJ 15-22"
"3235";"MAZDA 626 79-82"
"3236";"MAZDA 626 83-87"
"3237";"MAZDA 626 88-91"
"3238";"MAZDA 626 92-97"
"3239";"MAZDA 626 98-02"
"3240";"MAZDA 818 73-78"
"3241";"MAZDA DEMIO"
"3242";"MAZDA CX-7"
"3243";"MAZDA CX-9"
"3244";"MAZDA CX-5 12-17"
"3245";"MAZDA CX-5 17-25"
"3246";"MAZDA CX-5 26->>"
"3247";"MAZDA CX-80 24->>"
"3248";"MAZDA 6e 25->>"
"3250";"MAZDA 929 74-75"
"3251";"MAZDA 929 76-78"
"3252";"MAZDA 929 79-91"
"3253";"MAZDA PREMACY"
"3254";"MAZDA BT-50"
"3260";"MAZDA RX ÖVRIGT"
"3261";"MAZDA RX7"
"3262";"MAZDA RX8"
"3263";"MAZDA MX-3"
"3264";"MAZDA MX-30 20->>"
"3265";"MAZDA XEDOS"
"3266";"MAZDA MX-6"
"3267";"MAZDA MX-5 NA MIATA 89-98"
"3268";"MAZDA MX-5 NB MIATA 98-05"
"3269";"MAZDA MX-5 NC MIATA 06-15"
"3270";"MAZDA MX-5 ND/ND2/ND3 MIATA 15->>"
"3271";"MB EQE (V295) 22->>"
"3272";"MB EQS (V297) 22->>"
"3273";"MB EQA (H243) 21->>"
"3274";"MB EQB (X243) 22->>"
"3275";"MAZDA CX-3"
"3276";"MB SL-KLASS (R232) 22->>"
"3277";"MB C-KLASS (W206) 21->>"
"3278";"MB EQV (447) 21->>"
"3279";"MAZDA TRIBUTE"
"3280";"MAZDA MPV"
"3281";"MB GLA-KLASS (H247) 20->>"
"3282";"MB GLS-KLASS (X167) 20->>"
"3283";"MAZDA B1600"
"3284";"MAZDA B1800"
"3285";"MAZDA B2000 83-84"
"3286";"MAZDA B2000/B2200 85-01"
"3287";"MAZDA E2000/E2200"
"3288";"MB GLE-KLASS (W167/V167/C167) 19->>"
"3289";"MAZDA B2500"
"3290";"MAZDA B2600"
"3291";"MB EQC (N293) 20->>"
"3292";"MB GLB-KLASS (X247) 19->>"
"3293";"MB B-KLASS (W247) 19->>"
"3294";"MB AMG GT 4D COUPÉ (X290) 19->>"
"3295";"MB CLA-KLASS (C118/X118) 19->>"
"3296";"MB SPRINTER (W907/910) 19->>"
"3297";"MB CLS-KLASS (C257) 18->>"
"3298";"MB A-KLASS (W177) 18->>"
"3299";"MAZDA LAST"
"3300";"MB ÖVRIGT"
"3301";"MB SL/SLC (R107/C107) 71-89"
"3302";"MB 180-220 (BULLE) 57-67"
"3303";"MB 190-230 (W110/111) 61-68"
"3304";"MB 250-280 C/CE (W114) 68-75"
"3305";"MB COMPAKT (W115) 68-76"
"3306";"MB A-KLASS (W168) 98-04"
"3307";"MB A-KLASS (W169) 04-12"
"3308";"MB B-KLASS (W245) 05-12"
"3309";"MB B-KLASS (W246/W242) 12-19"
"3310";"MB 200-300 (W123) 76-86"
"3311";"MB GL-KLASS (X164) 06-12"
"3312";"MB A-KLASS (W176) 13-18"
"3313";"MB GLK-KLASS (X204) 08-16"
"3314";"MB GL/GLS-KLASS (X166) 12-19"
"3315";"MB E-KLASS (W124) 86-96"
"3316";"MB SLK-KLASS (R170) 96-04"
"3317";"MB CLK-KLASS (C208) 98-02"
"3318";"MB CLK-KLASS (C209) 02-09"
"3319";"MB SLK-KLASS (R171) 05-11"
"3320";"MB ML-KLASS (W163) 97-05"
"3321";"MB ML-KLASS (W164) 05-11"
"3322";"MB ML/GLE-KLASS (W166) 12-18"
"3323";"MB GLA-KLASS (X156) 13-20"
"3324";"MB R-CLASS AMG (W251)"
"3325";"MB R-KLASS (W251) 05-13"
"3326";"MB ML-CLASS AMG (W163)"
"3327";"MB ML-CLASS AMG (W164)"
"3328";"MB CLS-KLASS (C219) 03-11"
"3329";"MB CLS-KLASS (C218/X218) 11-17"
"3330";"MB 190 (W201) 82-93"
"3331";"MB GLC-KLASS (X253/C253) 15-22"
"3332";"MB C-KLASS (W202) 94-00"
"3333";"MB C-KLASS (W203) 00-07"
"3334";"MB C-KLASS (W204) 07-15"
"3335";"MB C-KLASS (W205) 14-21"
"3336";"MB CLC-KLASS (CL203) 08-11"
"3337";"MB E-KLASS COUPE/CAB (C207) 09-17"
"3338";"MB E-KLASS COUPE/CAB (C238) 17-23"
"3339";"MB SLK/SLC-KLASS (R172) 11-20"
"3340";"MB S-KLASS (W223) 21->>"
"3341";"MB E-KLASS (W210) 96-03"
"3342";"MB E-KLASS (W211) 02-09"
"3343";"MB E-KLASS (W212) 09-16"
"3344";"MB E-KLASS (W213) 16-23"
"3345";"MB X-KLASS (BR 470) 18-20"
"3346";"MB AMG GT (C190/R190) 14-22"
"3347";"MB S-KLASS (W222) 13-20"
"3348";"MB ML-CLASS AMG (W166)"
"3349";"MB CLS-CLASS AMG (C218)"
"3350";"MB CL-CLASS AMG (C215)"
"3351";"MB CL-CLASS AMG (C216)"
"3352";"MB CLS-CLASS AMG (C219)"
"3353";"MB CLK-CLASS AMG (C208)"
"3354";"MB CLK-CLASS AMG (C209)"
"3355";"MB S-CLASS AMG (W220)"
"3356";"MB S-CLASS AMG (W221)"
"3357";"MB SLK-CLASS AMG (R170)"
"3358";"MB 230-280SL (R113) 63-71"
"3359";"MB SLK-CLASS AMG (R171)"
"3360";"MB 250-280 (W108) 66-72"
"3361";"MB 280-450 (W116) 73-80"
"3362";"MB 280-560 (W126) 81-91"
"3363";"MB S/CL-KLASS (W140, C140) 91-98"
"3364";"MB S-KLASS (W220) 99-05"
"3365";"MB 380-560SEC (C126) 81-91"
"3366";"MB CL-KLASS (C215) 00-06"
"3367";"MB CL-KLASS (C216) 07-14"
"3368";"MB S-KLASS (W221) 05-13"
"3369";"MB S-KLASS COUPE/CAB (C217) 15-20"
"3370";"MB SL-KLASS (R129) 89-01"
"3371";"MB SL-KLASS (R230) 00-11"
"3372";"MB SL-CLASS AMG (R230)"
"3373";"MB SL-KLASS (R231) 12-20"
"3374";"MB SLS AMG (C197) 10-15"
"3375";"MB VITO/VIANO (W639) 04-14"
"3376";"MB VITO/V-KLASS (W640,W447,W448) 14->>"
"3377";"MB SPRINTER (W906) 06-18"
"3378";"MB CLA-KLASS (C117/X117) 13-19"
"3379";"MB CITAN (W415) 13-21"
"3380";"MB G WAGEN (W460) 78-92"
"3381";"MB G-KLASS (W461/463) 89->>"
"3382";"MB GLE COUPE (C292) 15-19"
"3383";"MB C-CLASS AMG (W204)"
"3384";"MB C-CLASS AMG (W203)"
"3385";"MB C-CLASS AMG (W202)"
"3386";"MB E-CLASS AMG (W210)"
"3387";"MB E-CLASS AMG (W211)"
"3388";"MB E-CLASS AMG (W212)"
"3389";"MB 100 D"
"3390";"MB VANEO (W414)"
"3391";"MB 306"
"3392";"MB 508"
"3393";"MB 207-310"
"3394";"MB CITAN/EQT (W420) 22->>"
"3395";"MB SPRINTER (W901-905) 95-07"
"3396";"MB VITO/VIANO (W638) 96-03"
"3397";"MB 609"
"3398";"MB 406-608"
"3399";"MB LAST"
"3400";"MITSUBISHI ÖVRIGT"
"3401";"MITSUBISHI 3000 GT"
"3402";"MITSUBISHI CANTER 86-90"
"3403";"MITSUBISHI DELICA"
"3404";"MITSUBISHI CANTER 90-11"
"3405";"MITSUBISHI COLT 81-83"
"3406";"MITSUBISHI COLT 84-88"
"3407";"MITSUBISHI COLT 89-92"
"3408";"MITSUBISHI COLT 92-96"
"3409";"MITSUBISHI COLT 96-04"
"3410";"MITSUBISHI CARISMA 96-99"
"3411";"MITSUBISHI CARISMA 00-04"
"3412";"MITSUBISHI EAGLE TALON"
"3413";"MITSUBISHI SPACE STAR 13->>"
"3414";"MITSUBISHI CORDIA"
"3415";"MITSUBISHI SIGMA 91-95"
"3416";"MITSUBISHI SPACE STAR 98-05"
"3417";"MITSUBISHI COLT 04-08"
"3418";"MITSUBISHI COLT 09-13"
"3419";"MITSUBISHI GALANT 77-84"
"3420";"MITSUBISHI GALANT 85-87"
"3421";"MITSUBISHI GALANT 88-92"
"3422";"MITSUBISHI GALANT 93-96"
"3423";"MITSUBISHI GALANT 97-03"
"3424";"MITSUBISHI i-MiEV"
"3425";"MITSUBISHI COLT 24->>"
"3427";"MITSUBISHI CANTER 11-21"
"3428";"MITSUBISHI ASX 10-22"
"3429";"MITSUBISHI ASX 23->>"
"3430";"MITSUBISHI LANCER 81-83"
"3431";"MITSUBISHI LANCER 84-88"
"3432";"MITSUBISHI LANCER 89-92"
"3433";"MITSUBISHI LANCER 93-96"
"3434";"MITSUBISHI LANCER 97-03"
"3435";"MITSUBISHI LANCER 03-07"
"3436";"MITSUBISHI LANCER 07-14"
"3437";"MITSUBISHI ECLIPSE CROSS"
"3438";"MITSUBISHI ECLIPSE"
"3439";"MITSUBISHI SAPPORO"
"3440";"MITSUBISHI STARION"
"3444";"MITSUBISHI GRANDIS 25->>"
"3445";"MITSUBISHI TREDIA 83-87"
"3446";"MITSUBISHI OUTLANDER 01-07"
"3447";"MITSUBISHI GRANDIS MPV 03-11"
"3448";"MITSUBISHI OUTLANDER 07-12"
"3449";"MITSUBISHI OUTLANDER 13-21"
"3450";"MITSUBISHI OUTLANDER PHEV 24->>"
"3481";"MITSUBISHI PAJERO 06-15"
"3482";"MITSUBISHI PAJERO 16-19"
"3485";"MITSUBISHI PAJERO 84-91"
"3486";"MITSUBISHI PAJERO 91-99"
"3487";"MITSUBISHI PAJERO 99-06"
"3488";"MITSUBISHI SPACE RUNNER"
"3489";"MITSUBISHI L200 82-89"
"3490";"MITSUBISHI L300, COSMOS"
"3491";"MITSUBISHI L200 90-96"
"3492";"MITSUBISHI L400, SPACE GEAR"
"3493";"MITSUBISHI L200 96-06"
"3494";"MITSUBISHI L200 06-15"
"3495";"MITSUBISHI SPACE WAGON 84-91"
"3496";"MITSUBISHI SPACE WAGON 92-98"
"3497";"MITSUBISHI SPACE WAGON 99-04"
"3498";"MITSUBISHI L200 16-23"
"3499";"MITSUBISHI LAST"
"3500";"OPEL ÖVRIGT"
"3501";"OPEL SPEEDSTER"
"3502";"OPEL INSIGNIA 09-16"
"3503";"OPEL INSIGNIA 17->>"
"3504";"OPEL ASCONA A 71-75"
"3505";"OPEL ASCONA B 76-81"
"3506";"OPEL ASCONA C 82-88"
"3507";"OPEL SENATOR/MONZA"
"3508";"OPEL COMMODORE A 67-71"
"3509";"OPEL COMMODORE B 72-77"
"3510";"OPEL COMMODORE C 78-82"
"3511";"OPEL CORSA A 83-92"
"3512";"OPEL CORSA B 93-00"
"3513";"OPEL CORSA C 00-06"
"3514";"OPEL CORSA D 07-14"
"3515";"OPEL CORSA E 15-19"
"3516";"OPEL ADAM 13-20"
"3517";"OPEL ANTARA"
"3518";"OPEL AMPERA 12-16"
"3519";"OPEL MOKKA 13-20"
"3520";"OPEL KADETT B 65-73"
"3521";"OPEL KADETT C 74-77"
"3522";"OPEL KADETT C 78-79"
"3523";"OPEL KADETT D 80-84"
"3524";"OPEL KADETT E 85-91"
"3525";"OPEL ASTRA F 92-98"
"3526";"OPEL ASTRA G 98-03"
"3527";"OPEL ASTRA H 04-12"
"3528";"OPEL ASTRA J 10-15"
"3529";"OPEL ASTRA K 16-22"
"3530";"OPEL MANTA A 71-75"
"3531";"OPEL MANTA B 76-88"
"3532";"OPEL CALIBRA 90-97"
"3533";"OPEL CASCADA 13-19"
"3534";"OPEL AMPERA-E 17->>"
"3535";"OPEL REKORD C 67-71"
"3536";"OPEL REKORD D 72-77"
"3537";"OPEL REKORD E 78-82"
"3538";"OPEL REKORD E 83-86"
"3539";"OPEL TIGRA"
"3540";"OPEL OMEGA A 87-90"
"3541";"OPEL OMEGA A 91-93"
"3542";"OPEL OMEGA B 94-99"
"3543";"OPEL OMEGA B 00-03"
"3544";"OPEL KARL 16-19"
"3545";"OPEL CORSA F, CORSA-E 20->>"
"3546";"OPEL ASTRA L 22->>"
"3550";"OPEL VECTRA A 89-95"
"3551";"OPEL VECTRA B 96-01"
"3552";"OPEL VECTRA C 02-05"
"3553";"OPEL VECTRA C 06-08"
"3554";"OPEL MOKKA 21->>"
"3555";"OPEL FRONTERA A 92-98"
"3556";"OPEL FRONTERA B 98-03"
"3557";"OPEL FRONTERA 25->>"
"3560";"OPEL ZAFIRA A 99-05"
"3561";"OPEL ZAFIRA B 06-14"
"3562";"OPEL ZAFIRA C 12-19"
"3563";"OPEL ZAFIRA LIFE 20->>"
"3564";"OPEL AGILA B 08-15"
"3565";"OPEL AGILA A 01-07"
"3566";"OPEL MONTEREY A 91-98"
"3567";"OPEL SIGNUM"
"3569";"OPEL MONTEREY B 98-00"
"3570";"OPEL MERIVA A 03-10"
"3571";"OPEL MERIVA B 10-17"
"3582";"OPEL GRANDLAND 18->>"
"3583";"OPEL MOVANO C 21->>"
"3584";"OPEL CROSSLAND X 18->>"
"3585";"OPEL COMBO B 93-01"
"3586";"OPEL SINTRA"
"3587";"OPEL COMBO E 19->>"
"3588";"OPEL COMBO C 02-12"
"3589";"OPEL COMBO D 12-18"
"3590";"OPEL CAMPO"
"3591";"OPEL MOVANO A 99-10"
"3592";"OPEL VIVARO 01-14"
"3593";"OPEL MOVANO B 10-22"
"3594";"OPEL VIVARO 15-19"
"3595";"OPEL VIVARO 20->>"
"3596";"OPEL ADMIRAL"
"3597";"OPEL DIPLOMAT"
"3598";"OPEL GT"
"3599";"OPEL KAPITÄN"
"3600";"PEUGEOT ÖVRIGT"
"3601";"PEUGEOT RCZ"
"3602";"PEUGEOT iOn"
"3605";"PEUGEOT 104"
"3606";"PEUGEOT 1007"
"3607";"PEUGEOT 106 92-95"
"3608";"PEUGEOT 106 96-03"
"3609";"PEUGEOT RIFTER/E-RIFTER 19->>"
"3610";"PEUGEOT 204"
"3611";"PEUGEOT 107"
"3612";"PEUGEOT 108 15-22"
"3613";"PEUGEOT 3008 / E-3008 24->>"
"3614";"PEUGEOT 206+ 10-13"
"3615";"PEUGEOT 205"
"3616";"PEUGEOT 206 98-09"
"3617";"PEUGEOT 207"
"3618";"PEUGEOT BIPPER"
"3619";"PEUGEOT 208 12-15"
"3620";"PEUGEOT 304"
"3621";"PEUGEOT 208 16-19"
"3622";"PEUGEOT 2008 13-20"
"3623";"PEUGEOT 2008/E-2008 20->>"
"3624";"PEUGEOT 208/E-208 20->>"
"3625";"PEUGEOT 305"
"3626";"PEUGEOT 3008 17-24"
"3627";"PEUGEOT 306"
"3628";"PEUGEOT 307 01-05"
"3629";"PEUGEOT 307 05-08"
"3630";"PEUGEOT 309"
"3631";"PEUGEOT 308 08-13"
"3632";"PEUGEOT 308 14-21"
"3633";"PEUGEOT 3008 09-16"
"3634";"PEUGEOT 4008"
"3635";"PEUGEOT 405"
"3636";"PEUGEOT 406 96-99"
"3637";"PEUGEOT 407"
"3638";"PEUGEOT 4007"
"3639";"PEUGEOT 5008 10-16"
"3640";"PEUGEOT 504"
"3641";"PEUGEOT 406 99-04"
"3642";"PEUGEOT 5008 17-24"
"3643";"PEUGEOT 308/E-308 21->>"
"3644";"PEUGEOT 408 22->>"
"3645";"PEUGEOT 505"
"3646";"PEUGEOT 508 11-18"
"3647";"PEUGEOT 508 19->>"
"3649";"PEUGEOT 5008/E-5008 24->>"
"3650";"PEUGEOT 604"
"3655";"PEUGEOT 605"
"3656";"PEUGEOT 607"
"3679";"PEUGEOT BOXER/E-BOXER 15->>"
"3680";"PEUGEOT 806"
"3681";"PEUGEOT 807"
"3682";"PEUGEOT EXPERT 95-07"
"3683";"PEUGEOT EXPERT 07-14"
"3684";"PEUGEOT PARTNER 96-02"
"3685";"PEUGEOT BOXER 94-02"
"3686";"PEUGEOT BOXER 02-06"
"3687";"PEUGEOT BOXER 07-14"
"3688";"PEUGEOT PARTNER 03-08"
"3689";"PEUGEOT PARTNER 08-15"
"3690";"PEUGEOT J5"
"3691";"PEUGEOT PARTNER 16-18"
"3692";"PEUGEOT PARTNER/E-PARTNER 19->>"
"3693";"PEUGEOT TRAVELLER/E-TRAVELLER 16->>"
"3695";"PEUGEOT EXPERT 15-16"
"3696";"PEUGEOT EXPERT/E-EXPERT 17->>"
"3699";"PEUGEOT LAST"
"3700";"PORSCHE ÖVRIGT"
"3701";"PORSCHE BOXSTER 96->>"
"3702";"PORSCHE CAYENNE 03->>"
"3703";"PORSCHE CAYMAN 96->>"
"3704";"PORSCHE PANAMERA 09->>"
"3705";"PORSCHE 356 48-65"
"3706";"PORSCHE MACAN/EV 14->>"
"3707";"PORSCHE TAYCAN 20->>"
"3710";"PORSCHE 911 64->>"
"3711";"PORSCHE 912 65-76"
"3712";"PORSCHE 914 70-76"
"3715";"PORSCHE 924 76-88"
"3720";"PORSCHE 928 78-95"
"3725";"PORSCHE 944 81-91"
"3730";"PORSCHE 968 91-95"
"3735";"PORSCHE 911 996 98-05"
"3736";"PORSCHE 911 997 05-12"
"3797";"ALPINE A290 25->>"
"3798";"ALPINE A110 19->>"
"3799";"ALPINE ÖVRIGT"
"3800";"RENAULT ÖVRIGT"
"3801";"RENAULT SPORT SPIDER"
"3802";"RENAULT DAUPHINE"
"3803";"RENAULT WIND"
"3804";"RENAULT KOLEOS II 17->>"
"3805";"RENAULT 4 65-82"
"3806";"RENAULT AVANTIME"
"3807";"RENAULT MODUS"
"3808";"RENAULT KOLEOS I 08-10"
"3809";"RENAULT GRAND MODUS"
"3810";"RENAULT 5 73-90"
"3811";"RENAULT CAPTUR 20-24"
"3812";"RENAULT 6 70-73"
"3813";"RENAULT CAPTUR 13-19"
"3814";"RENAULT 9"
"3815";"RENAULT 12 70-79"
"3816";"RENAULT 11"
"3817";"RENAULT SCENIC III /GRAND SCENIC 09-16"
"3818";"RENAULT SCENIC IV /GRAND SCENIC 16-20"
"3819";"RENAULT AUSTRAL/E-TECH 23->>"
"3820";"RENAULT 14"
"3821";"RENAULT ZOE/E-TECH 13->>"
"3822";"RENAULT 5 E-TECH 24->>"
"3823";"RENAULT CAPTUR/E-TECH 24->>"
"3825";"RENAULT 17"
"3826";"RENAULT CLIO IV 12-16"
"3827";"RENAULT CLIO IV 16-19"
"3828";"RENAULT CLIO/E-TECH V 20-25"
"3829";"RENAULT CLIO/E-TECH VI 26->>"
"3830";"RENAULT 16 65-78"
"3831";"RENAULT CLIO I 91-96"
"3832";"RENAULT CLIO I 97-98"
"3833";"RENAULT CLIO II 99-01"
"3834";"RENAULT CLIO II 01-08"
"3835";"RENAULT 18 79-82"
"3836";"RENAULT CLIO III 06-09"
"3837";"RENAULT CLIO III 09-12"
"3838";"RENAULT SAFRANE"
"3839";"RENAULT FUEGO"
"3840";"RENAULT 19 90-96"
"3841";"RENAULT MEGANE I / SCENIC 96-99"
"3842";"RENAULT MEGANE I 99-03"
"3843";"RENAULT MEGANE II 03-05"
"3844";"RENAULT MEGANE II 06-08"
"3845";"RENAULT 20 76-82"
"3846";"RENAULT 21 MEDALLION"
"3847";"RENAULT SCENIC I 99-03"
"3848";"RENAULT SCENIC II /GRAND SCENIC 03-06"
"3849";"RENAULT SCENIC II /GRAND SCENIC 07-09"
"3850";"RENAULT 30 76-81"
"3851";"RENAULT LAGUNA I 94-00"
"3852";"RENAULT LAGUNA II 01-05"
"3853";"RENAULT TWINGO I 94-98"
"3854";"RENAULT TWINGO I 99-06"
"3855";"RENAULT TWINGO II 07-16"
"3856";"RENAULT TWINGO III 14->>"
"3857";"RENAULT MEGANE E-TECH 22->>"
"3858";"RENAULT TWIZY"
"3859";"RENAULT FLUENCE"
"3860";"RENAULT SCENIC RX4"
"3861";"RENAULT MEGANE III 09-15"
"3862";"RENAULT MEGANE IV 16-23"
"3863";"RENAULT TALISMAN 16-20"
"3864";"RENAULT LAGUNA II 05-07"
"3865";"RENAULT LAGUNA III 08-10"
"3866";"RENAULT LAGUNA III 11-15"
"3867";"RENAULT KANGOO II 15-21"
"3868";"RENAULT KANGOO/E-TECH 21->>"
"3869";"RENAULT SCENIC E-TECH 24->>"
"3870";"RENAULT KADJAR 15->>"
"3872";"RENAULT MASTER/E-TECH IV 24->>"
"3878";"RENAULT ARKANA 21->>"
"3879";"RENAULT ALASKAN 18-20"
"3880";"RENAULT EXPRESS 21->>"
"3881";"RENAULT KANGOO I 98-03"
"3882";"RENAULT KANGOO I 03-08"
"3883";"RENAULT KANGOO II 08-14"
"3884";"RENAULT ESPACE/GRAND ESPACE 04-14"
"3885";"RENAULT ESPACE 92-96"
"3886";"RENAULT ESPACE 97-03"
"3887";"RENAULT ESPACE 15-23"
"3888";"RENAULT ESPACE 23->>"
"3889";"RENAULT MASCOTT"
"3890";"RENAULT TRAFIC 80-02"
"3891";"RENAULT TRAFIC 02-14"
"3892";"RENAULT TRAFIC/E-TECH 15->>"
"3893";"RENAULT MASTER III 20-24"
"3894";"RENAULT MASTER II 04-10"
"3895";"RENAULT MASTER III 10-14"
"3896";"RENAULT MASTER III 15-20"
"3897";"RENAULT MASTER I 81-97"
"3898";"RENAULT MASTER II 98-03"
"3899";"RENAULT LAST"
"3900";"ROVER ÖVRIGT"
"3901";"ROVER 214/216/220"
"3902";"ROVER 25"
"3903";"ROVER 414/416/420"
"3904";"ROVER 45"
"3905";"ROVER 620"
"3906";"ROVER P6 2000-3500"
"3907";"ROVER 820/825/827"
"3908";"ROVER 75"
"3909";"ROVER MGF"
"3910";"ROVER MINI COOPER 91-99"
"3911";"ROVER STREETWISE"
"3912";"ROVER METRO 111/114 90-98"
"3940";"LANDROVER RANGE ROVER VELAR L560 17->>"
"3942";"LANDROVER RANGE ROVER L460 22->>"
"3943";"LANDROVER RANGE ROVER SPORT L461 22->>"
"3944";"LANDROVER RANGE ROVER EVOQUE L551 19->>"
"3945";"LANDROVER RANGE ROVER EVOQUE L538 11-18"
"3946";"LANDROVER RANGE ROVER SPORT L320 10-13"
"3947";"LANDROVER RANGE ROVER SPORT L494 14-22"
"3948";"LANDROVER DISCOVERY 89-98"
"3949";"LANDROVER DEFENDER L316 07-16"
"3950";"LANDROVER DEFENDER L316 87-06"
"3951";"LANDROVER DISCOVERY 98-04"
"3952";"LANDROVER FREELANDER 96-06"
"3953";"LANDROVER RANGE ROVER P38A 94-01"
"3954";"LANDROVER DISCOVERY 3/LR3 05-09"
"3955";"LANDROVER RANGE ROVER SPORT L320 05-09"
"3956";"LANDROVER RANGE ROVER CLASSIC 86-91"
"3957";"LANDROVER RANGE ROVER CLASSIC 92-94"
"3958";"LANDROVER RANGE ROVER L322 02-12"
"3959";"LANDROVER RANGE ROVER L405 13-21"
"3960";"LANDROVER FREELANDER 2/LR2 07-14"
"3961";"LANDROVER DEFENDER L663 20->>"
"3965";"LANDROVER DISCOVERY 4/LR4 10-16"
"3966";"LANDROVER DISCOVERY SPORT 15->>"
"3967";"LANDROVER DISCOVERY 5/LR5 16->>"
"3985";"ROVER LAND ROVER"
"3990";"ROVER RANGE ROVER"
"4000";"SAAB ÖVRIGT"
"4001";"SAAB SONETT"
"4002";"SAAB 600"
"4005";"SAAB 95/96 59-80"
"4010";"SAAB 90 84-87"
"4020";"SAAB 99 69-71"
"4021";"SAAB 99 72-77"
"4022";"SAAB 99 78-80"
"4023";"SAAB 99 81-84"
"4024";"SAAB 9-5 98-05"
"4026";"SAAB 9-5 06-10"
"4027";"SAAB 9-5 10-12"
"4030";"SAAB 900 79-80"
"4031";"SAAB 900 81-86"
"4032";"SAAB 900 87-88"
"4033";"SAAB 900 89-93"
"4034";"SAAB 900 94-98"
"4035";"SAAB 9-3 VER1 98-03"
"4036";"SAAB 9-3 VER2 03-07"
"4037";"SAAB 9-3 VER2/VER3 08-15"
"4058";"SAAB 900 CD 83-98"
"4060";"SAAB 9000 CC 85-93"
"4080";"SAAB 9000 CD 88-98"
"4085";"SAAB 9000 CS 92-98"
"4086";"SAAB 9-4X"
"4087";"SAAB 9-7X"
"4100";"SIMCA ÖVRIGT"
"4101";"SIMCA 1100"
"4103";"SIMCA 1300/1500 63-66"
"4104";"SIMCA 1301/1501 66-75"
"4105";"SIMCA 1307/1508"
"4110";"SIMCA 1510"
"4115";"SIMCA CHRYSLER"
"4120";"SIMCA HORIZON"
"4130";"SIMCA MATRA BAGHEERA"
"4190";"SIMCA 1100 PICKUP FIXAREN"
"4196";"SKODA ELROQ 21->>"
"4197";"SKODA SUPERB 24->>"
"4198";"SKODA KODIAQ 24->>"
"4199";"SKODA FABIA 22->>"
"4200";"SKODA ÖVRIGT"
"4201";"SKODA FELICIA"
"4202";"SKODA OCTAVIA 1U 96-11"
"4203";"SKODA FAVORIT"
"4204";"SKODA FABIA 99-07"
"4205";"TRABANT ÖVRIGT"
"4206";"SKODA SUPERB 01-08"
"4207";"SKODA SUPERB 09-15"
"4208";"SKODA OCTAVIA 1Z 05-13"
"4209";"SKODA OCTAVIA 5E 13-20"
"4210";"SKODA FELICIA PICKUP"
"4211";"SKODA RAPID"
"4212";"SKODA FABIA 07-14"
"4213";"SKODA FABIA 15-21"
"4214";"SKODA SCALA 19->>"
"4215";"SKODA ROOMSTER"
"4216";"SKODA CITIGO, CITIGO E IV"
"4217";"SKODA KODIAQ 17-24"
"4218";"SKODA PRAKTIK"
"4219";"SKODA YETI"
"4220";"SKODA SUPERB 16-24"
"4221";"SKODA OCTAVIA NX 20->>"
"4222";"SKODA ENYAQ iV 21->>"
"4223";"SKODA KAMIQ 20->>"
"4224";"SKODA KAROQ 18->>"
"4225";"FERRARI 599"
"4226";"FERRARI F355"
"4227";"FERRARI F430"
"4228";"FERRARI 348"
"4229";"FERRARI 360"
"4230";"FERRARI ÖVRIGT"
"4231";"FERRARI F8"
"4232";"FERRARI ROMA"
"4233";"FERRARI SF90"
"4234";"FERRARI MONZA"
"4235";"LAMBORGHINI ÖVRIGT"
"4237";"MASERATI GRANCABRIO 10->>"
"4238";"MASERATI LEVANTE 16->>"
"4239";"MASERATI GHIBLI"
"4240";"MASERATI ÖVRIGT"
"4241";"MASERATI COUPE 02->>"
"4242";"MASERATI 3200 GT COUPE 98-02"
"4243";"MASERATI QUATTROPORTE"
"4244";"MASERATI BITURBO 82-94"
"4245";"DE TOMASO ÖVRIGT"
"4249";"TESLA MODEL Y 21->>"
"4250";"TESLA MODEL S 13->>"
"4251";"TESLA MODEL X 16->>"
"4252";"TESLA MODEL 3 17->>"
"4253";"TESLA ROADSTER 08->>"
"4270";"INFINITI FX35/FX45"
"4271";"INFINITI G35"
"4272";"INFINITI QX56"
"4273";"INFINITI G37"
"4300";"SUBARU ÖVRIGT"
"4301";"SUBARU JUSTY"
"4302";"SUBARU XT"
"4303";"SUBARU OUTBACK 10-15"
"4304";"SUBARU OUTBACK 15-20"
"4305";"SUBARU TRENDY"
"4306";"SUBARU OUTBACK 97-98"
"4307";"SUBARU OUTBACK 99-03"
"4308";"SUBARU OUTBACK 04-06"
"4309";"SUBARU OUTBACK 07-09"
"4310";"SUBARU LEONE 1800 85-89"
"4311";"SUBARU FORESTER SF 98-00"
"4312";"SUBARU FORESTER SF 00-03"
"4313";"SUBARU FORESTER SG 03-05"
"4314";"SUBARU FORESTER SG 06-08"
"4315";"SUBARU COUPE"
"4316";"SUBARU STI RACING"
"4317";"SUBARU FORESTER SH 08-13"
"4318";"SUBARU FORESTER SJ 13-18"
"4319";"SUBARU FORESTER SK 19->>"
"4320";"SUBARU 1800 82-85"
"4321";"SUBARU B9 TRIBECA 06-07"
"4322";"SUBARU TRIBECA 08-14"
"4323";"SUBARU SOLTERRA 23->>"
"4324";"SUBARU OUTBACK 21->>"
"4325";"SUBARU LEGACY 90-98"
"4326";"SUBARU LEGACY 99-03"
"4327";"SUBARU LEGACY 04-06"
"4328";"SUBARU LEGACY 07-09"
"4329";"SUBARU LEGACY 10-14"
"4330";"SUBARU IMPREZA I 93-00"
"4331";"SUBARU IMPREZA II 01-02"
"4332";"SUBARU IMPREZA II 03-05"
"4333";"SUBARU IMPREZA II 06-07"
"4334";"SUBARU IMPREZA III 08-11"
"4335";"SUBARU IMPREZA IV 13-17"
"4336";"SUBARU IMPREZA V 18->>"
"4340";"SUBARU LEVORG 14-20"
"4341";"SUBARU CROSSTREK 24->>"
"4349";"SUBARU WRX STI"
"4350";"SUBARU SVX"
"4351";"SUBARU XV 12-17"
"4352";"SUBARU XV 18-22"
"4379";"SUBARU TREZIA"
"4380";"SUBARU COLUMBUSS"
"4381";"SUBARU BRZ"
"4399";"SUBARU PICKUP/LAST"
"4400";"SUZUKI ÖVRIGT"
"4401";"SUZUKI BALENO 95-19"
"4402";"SUZUKI IGNIS 01-20"
"4403";"SUZUKI MOVE"
"4404";"SUZUKI ACROSS 21->>"
"4405";"SUZUKI ALTO 79-14"
"4406";"SUZUKI KIZASHI"
"4407";"SUZUKI SWACE 21->>"
"4408";"SUZUKI SX4 06-09"
"4409";"SUZUKI SX4 10-13"
"4410";"SUZUKI LIANA"
"4411";"SUZUKI SX4 S-CROSS 14-21"
"4412";"SUZUKI SX4 S-CROSS 22->>"
"4420";"SUZUKI SWIFT 85-03"
"4421";"SUZUKI SWIFT 04-10"
"4422";"SUZUKI SWIFT 11-16"
"4423";"SUZUKI SWIFT 17-24"
"4424";"SUZUKI SWIFT 24->>"
"4430";"SUZUKI SPLASH"
"4470";"SUZUKI SAMURAI"
"4476";"SUZUKI VITARA 15->>"
"4477";"SUZUKI GRAND VITARA II 06-14"
"4478";"SUZUKI JIMNY 81-21"
"4479";"SUZUKI GRAND VITARA I 98-05"
"4480";"SUZUKI VITARA, SIDEKICK 88-98"
"4481";"SUZUKI WAGON R/R+ 93-08"
"4482";"TOYOTA 86 12-21"
"4483";"SUZUKI PICKUP"
"4484";"SUZUKI SJ 410"
"4485";"SUZUKI SJ 413"
"4486";"TOYOTA HILUX 16->>"
"4487";"TOYOTA AYGO X AB70 22->>"
"4488";"TOYOTA CAMRY 19-24"
"4489";"TOYOTA COROLLA 19->>"
"4490";"TOYOTA RAV4 XA50 19-25"
"4491";"TOYOTA C-HR 24->>"
"4492";"TOYOTA bZ4X EA10 22->>"
"4493";"TOYOTA PROACE CITY VERSO 20->>"
"4494";"TOYOTA PROACE CITY 20->>"
"4495";"TOYOTA PROACE II 16->>"
"4496";"TOYOTA MIRAI"
"4497";"TOYOTA C-HR 16-23"
"4498";"TOYOTA PRIUS ZVW50 16-21"
"4499";"SUZUKI LAST"
"4500";"TOYOTA ÖVRIGT"
"4501";"TOYOTA SUPRA, GR SUPRA"
"4502";"TOYOTA PRIUS NHW11 01-03"
"4503";"TOYOTA AYGO 06-14"
"4504";"TOYOTA MR2 86-99"
"4505";"TOYOTA CAMRY SV 11 83-87"
"4506";"TOYOTA CAMRY SV 21 87-91"
"4507";"TOYOTA CAMRY SV/VV 92-96"
"4508";"TOYOTA CAMRY 97-00"
"4509";"TOYOTA CAMRY 01-06"
"4510";"TOYOTA CARINA 70-77"
"4511";"TOYOTA CARINA 78-81"
"4512";"TOYOTA CARINA 82-87"
"4513";"TOYOTA CARINA 88-92"
"4514";"TOYOTA CARINA 92-97"
"4515";"TOYOTA CARINA 98-01"
"4516";"TOYOTA CROWN"
"4517";"TOYOTA MR2 00-05"
"4518";"TOYOTA RAV4 XA40 13-18"
"4519";"TOYOTA CELICA 00-05"
"4520";"TOYOTA CELICA 71-77"
"4521";"TOYOTA CELICA 78-81"
"4522";"TOYOTA CELICA 82-85"
"4523";"TOYOTA CELICA 86-89"
"4524";"TOYOTA CELICA 90-99"
"4525";"TOYOTA YARIS P1 99-03"
"4526";"TOYOTA YARIS P1 03-05"
"4527";"TOYOTA YARIS XP90 06-11"
"4528";"TOYOTA YARIS XP130 12-14"
"4529";"TOYOTA YARIS VERSO P1 00-05"
"4530";"TOYOTA COROLLA KE20/25"
"4531";"TOYOTA COROLLA KE30/35/36"
"4532";"TOYOTA GT86 12-21"
"4533";"TOYOTA COROLLA KE50"
"4534";"TOYOTA PROACE I 13-16"
"4535";"TOYOTA COROLLA KE70 80-81"
"4536";"TOYOTA COROLLA KE70 82-87"
"4537";"TOYOTA COROLLA VERSO 02-04"
"4538";"TOYOTA COROLLA VERSO 04-07"
"4539";"TOYOTA COROLLA VERSO 08-09"
"4540";"TOYOTA COROLLA AE82 83-87"
"4541";"TOYOTA PASEO"
"4542";"TOYOTA VERSO-S 11-16"
"4543";"TOYOTA IQ"
"4544";"TOYOTA VERSO 09-18"
"4545";"TOYOTA AVENSIS 16-18"
"4546";"TOYOTA PRIUS NHW20 04-08"
"4547";"TOYOTA PRIUS ZVW30 09-20"
"4548";"TOYOTA PRIUS+ ZVW40 12-20"
"4549";"TOYOTA COROLLA 13-18"
"4550";"TOYOTA COROLLA 88-92"
"4551";"TOYOTA COROLLA 93-97"
"4552";"TOYOTA COROLLA 98-01"
"4553";"TOYOTA COROLLA 02-07"
"4554";"TOYOTA COROLLA 08-12"
"4555";"TOYOTA YARIS XP130 15-20"
"4556";"TOYOTA CORONA 2000 Mk II"
"4557";"TOYOTA CORONA RT104-118"
"4558";"TOYOTA CRESSIDA 78-80"
"4559";"TOYOTA CRESSIDA 81-83"
"4560";"TOYOTA STARLET 78-82"
"4561";"TOYOTA STARLET 83-84"
"4562";"TOYOTA STARLET 85-89"
"4563";"TOYOTA STARLET 97-99"
"4564";"TOYOTA CAMRY 07-17"
"4565";"TOYOTA AYGO 15-21"
"4566";"TOYOTA STARLET 90-96"
"4567";"TOYOTA CRESSIDA 83-92"
"4568";"TOYOTA AVENSIS 07-08"
"4569";"TOYOTA AVENSIS 09-15"
"4570";"TOYOTA TERCEL 79-82"
"4571";"TOYOTA TERCEL 83-88"
"4572";"TOYOTA AVENSIS 98-02"
"4573";"TOYOTA AVENSIS 03-06"
"4574";"TOYOTA AVENSIS VERSO"
"4575";"TOYOTA DYNA 100"
"4576";"TOYOTA LEXUS 90-91"
"4577";"TOYOTA 4RUNNER 84->>"
"4578";"TOYOTA RAV4 XA20 00-06"
"4579";"TOYOTA RAV4 XA10 95-00"
"4580";"TOYOTA PREVIA 90-00"
"4581";"TOYOTA RAV4 XA30 06-12"
"4582";"TOYOTA AURIS 07-09"
"4583";"TOYOTA AURIS 10-12"
"4584";"TOYOTA PREVIA 00-06"
"4585";"TOYOTA LAND CRUISER"
"4586";"TOYOTA HILUX 05-16"
"4587";"TOYOTA HILUX 73-88"
"4588";"TOYOTA HILUX 89-96"
"4589";"TOYOTA HILUX 97-04"
"4590";"TOYOTA HI-ACE 78-82"
"4591";"TOYOTA HI-ACE 83-88"
"4592";"TOYOTA HI-ACE 89-95"
"4593";"TOYOTA LITE ACE"
"4594";"TOYOTA MODEL F"
"4595";"TOYOTA PICNIC"
"4596";"TOYOTA AURIS 13-19"
"4597";"TOYOTA HI-ACE 95-05"
"4598";"TOYOTA HI-ACE 06-12"
"4599";"TOYOTA LAST"
"4600";"DAEWOO ÖVRIGT"
"4601";"DAEWOO MATIZ"
"4602";"DAEWOO LUBLIN"
"4604";"DAEWOO EVANDA"
"4605";"DAEWOO LANOS"
"4606";"DAEWOO ESPERO"
"4607";"DAEWOO NEXIA"
"4610";"DAEWOO NUBIRA"
"4612";"DAEWOO KALOS"
"4613";"DAEWOO LACETTI"
"4614";"DAEWOO KORANDO"
"4615";"DAEWOO LEGANZA"
"4620";"DAEWOO TACUMA"
"4669";"TOYOTA RAV4 XA60 26->>"
"4670";"TOYOTA LAND CRUISER J120 02-09"
"4671";"TOYOTA LAND CRUISER J150 10-23"
"4672";"TOYOTA COROLLA CROSS XG10 22->>"
"4673";"TOYOTA YARIS CROSS XP21 21->>"
"4674";"TOYOTA YARIS XP21 20->>"
"4675";"TOYOTA DYNA 150"
"4676";"TOYOTA DYNA 200"
"4677";"TOYOTA DYNA 250"
"4678";"TOYOTA DYNA 300"
"4679";"TOYOTA LAND CRUISER V8 J200 08->>"
"4680";"TOYOTA LAND CRUISER HJ60 80-90"
"4681";"TOYOTA LAND CRUISER HJ61 80-90"
"4682";"TOYOTA LAND CRUISER L/RJ70 85-89"
"4683";"TOYOTA LAND CRUISER BJ 80-90"
"4684";"TOYOTA LAND CRUISER HDJ 80 90-98"
"4685";"TOYOTA LAND CRUISER HDJ100 98-07"
"4686";"TOYOTA LAND CRUISER HZJ 95 93-02"
"4687";"TOYOTA URBAN CRUISER"
"4688";"TOYOTA GR86 ZN8 22->>"
"4695";"VAUXHALL CAVALIER"
"4696";"VAUXHALL CHEVETTE"
"4697";"VAUXHALL ROYALE"
"4698";"VAUXHALL VICTOR"
"4699";"VAUXHALL VIVA"
"4700";"VAUXHALL ÖVRIGT"
"4702";"TRIUMPH 2000/2500"
"4703";"TRIUMPH HERALD"
"4704";"TRIUMPH SPITFIRE"
"4705";"TRIUMPH ÖVRIGT"
"4706";"MORGAN ÖVRIGT"
"4708";"MINI COOPER E/SE J01/F65/66/67 24->>"
"4709";"MINI COOPER CABRIO F57 16-24"
"4710";"MINI ONE/COOPER COUPE R50/53 01-06"
"4711";"MINI ONE/COOPER CABRIO R52 02-08"
"4712";"MINI ONE/COOPER CLUBMAN R55 06-14"
"4713";"MINI ONE/COOPER COUPE R56 05-14"
"4714";"MINI ONE/COOPER CABRIO R57 07-15"
"4715";"MINI COOPER COUPE R58 10-15"
"4716";"MINI COOPER ROADSTER R59 11-15"
"4717";"MINI ONE/COOPER 5DR F55 14-24"
"4718";"MINI ONE/COOPER 3DR F56 14-24"
"4719";"MINI COOPER CLUBMAN F54 16->>"
"4720";"MINI COOPER COUNTRYMAN R60 11-16"
"4721";"MINI PACEMAN COUNTRYMAN COUPE R61 12-17"
"4722";"MINI COOPER COUNTRYMAN F60 17-23"
"4723";"MINI COUNTRYMAN U25 24->>"
"4725";"MINI ACEMAN J05 24->>"
"4755";"LOTUS ÖVRIGT"
"4756";"LOTUS ESPRIT"
"4757";"LOTUS ELAN"
"4758";"LOTUS ELISE"
"4759";"LOTUS EVORA"
"4760";"ASTON MARTIN ÖVRIGT"
"4761";"McLAREN ÖVRIGT"
"4762";"BENTLEY ÖVRIGT"
"4765";"ROLLS-ROYCE ÖVRIGT"
"4767";"MG HS AS33 25->>"
"4768";"MG HS/EHS AS23 21-24"
"4769";"MG ZS EV 20->>"
"4770";"MG MGF"
"4771";"MG ZR"
"4772";"MG ZT/ZT-T 01-05"
"4773";"MG TF"
"4774";"MG ZS 01-06"
"4775";"MG XPOWER"
"4777";"MG MARVEL R 22->>"
"4778";"MG MG5 22->>"
"4779";"MG MG4 EH32 23->>"
"4780";"MG CYBERSTER 25->>"
"4781";"MG MG3 HYBRID+ 25->>"
"4800";"VAZ ÖVRIGT"
"4894";"VW TRANSP/CARAVELLE/CALIFORNIA 25->>"
"4895";"VW TAYRON 25->>"
"4896";"VW TIGUAN 24->>"
"4897";"VW PASSAT 24->>"
"4898";"VW ID.7/TOURER 24->>"
"4899";"VW TAIGO 22->>"
"4900";"VW ÖVRIGT"
"4901";"VW KARMANN GHIA"
"4902";"VW 1200/13/15/TYPE 1"
"4903";"VW 1302"
"4904";"VW 1303"
"4905";"VW DERBY"
"4906";"VW NEW BEETLE 98-10"
"4907";"VW BEETLE 12->>"
"4908";"VW GOLF VI 09-13"
"4909";"VW K70"
"4910";"VW GOLF I 75-84"
"4911";"VW GOLF II 84-91"
"4912";"VW GOLF III 92-99"
"4913";"VW GOLF IV 98-06"
"4914";"VW GOLF V 04-09"
"4915";"VW JETTA I 80-84"
"4916";"VW JETTA II 84-92"
"4917";"VW VENTO 92-98"
"4918";"VW BORA"
"4919";"VW PASSAT CC 08-16"
"4920";"VW PASSAT 73-77"
"4921";"VW PASSAT 78-80"
"4922";"VW PASSAT 81-85"
"4923";"VW PASSAT 85-88"
"4924";"VW PASSAT 88-93"
"4925";"VW PASSAT 94-96"
"4926";"VW PASSAT 97-00"
"4927";"VW PASSAT 01-05"
"4928";"VW PASSAT 05-11"
"4929";"VW PASSAT 11-14"
"4930";"VW POLO I (86) 75-81"
"4931";"VW POLO II (86C/2F) 82-94"
"4932";"VW POLO III (6N/6N2/6NF) 95-01"
"4933";"VW POLO IV (9N) 02-05"
"4934";"VW POLO IV (9N3) 05-09"
"4935";"VW SANTANA 81-85"
"4936";"VW FOX"
"4937";"VW POLO V (6R) 10-17"
"4938";"VW JETTA V 06-10"
"4939";"VW JETTA VI 11->>"
"4940";"VW SCIROCCO 74-81"
"4941";"VW SCIROCCO 82-88"
"4942";"VW SCIROCCO 09-17"
"4943";"VW CRAFTER II, E-CRAFTER 17->>"
"4944";"VW UP!, E-UP!"
"4945";"VW CORRADO"
"4946";"VW EOS 11->>"
"4947";"VW EOS 06-10"
"4948";"VW GOLF PLUS/CROSS GOLF 04-14"
"4949";"VW GOLF, E-GOLF VII 13-20"
"4950";"VW CRAFTER I 06-16"
"4951";"VW PASSAT 15-19"
"4952";"VW PASSAT 20-24"
"4953";"VW POLO VI 18->>"
"4954";"VW AMAROK T1 23->>"
"4955";"VW LUPO"
"4956";"VW GOLF SPORTSVAN 15-20"
"4957";"VW GOLF, E-GOLF VIII 20->>"
"4958";"VW ARTEON 17->>"
"4959";"VW ID.3 21->>"
"4960";"VW PHAETON"
"4961";"VW ID.4 21->>"
"4962";"VW TOURAN 10-15"
"4963";"VW TOURAN 16->>"
"4964";"VW TRANSP/CARAVELLE T7 22-24"
"4965";"VW TOUAREG 7P 11-18"
"4966";"VW ID.5 22->>"
"4967";"VW ID BUZZ/CARGO 22->>"
"4968";"VW T-ROC 18->>"
"4969";"VW T-CROSS 19->>"
"4970";"VW AMAROK 2H 10-22"
"4971";"VW CADDY 21->>"
"4972";"VW CADDY 16-20"
"4973";"VW CADDY 11-15"
"4974";"VW CADDY PICKUP 96-03"
"4975";"VW CADDY SKÅP 96-03"
"4976";"VW CADDY 04-10"
"4977";"VW MULTIVAN T7 22->>"
"4978";"VW GOLF CADDY 83-92"
"4979";"VW GOLF CARRIER"
"4980";"VW TARO 90-96"
"4981";"VW MULTIVAN T4-T6 91-21"
"4982";"VW TOURAN 03-10"
"4983";"VW TOUAREG 7L 03-10"
"4984";"VW TIGUAN 07-16"
"4985";"VW SHARAN 96-00"
"4986";"VW SHARAN 01-10"
"4987";"VW SHARAN 11->>"
"4988";"VW SHUTTLE"
"4989";"VW 36-46"
"4990";"VW LT I 75-96"
"4991";"VW TRANSP/CARAVELLE T1/T2 65-79"
"4992";"VW TRANSP/CARAVELLE T3 80-90"
"4993";"VW LT II 97-06"
"4994";"VW TIGUAN 16-24"
"4995";"VW TRANSP/CARAVELLE T4 91-03"
"4996";"VW TRANSP/CARAVELLE T5 04-15"
"4997";"VW TRANSP/CARAVELLE T6 16-22"
"4998";"VW TIGUAN ALLSPACE 18->>"
"4999";"VW TOUAREG CR 18->>"
"5000";"VOLVO ÖVRIGT"
"5001";"VOLVO P1800 61-73"
"5002";"VOLVO 66 76-80"
"5003";"VOLVO PV/DUETT 47-68"
"5004";"VOLVO AMAZON 120-123 56-70"
"5005";"VOLVO 140 67-75"
"5006";"VOLVO 160 69-75"
"5007";"VOLVO VALP 61-70"
"5008";"VOLVO S60 14-18"
"5009";"VOLVO S80 14-16"
"5010";"VOLVO 240 75-78"
"5011";"VOLVO 240 79-80"
"5012";"VOLVO 240 81-87"
"5013";"VOLVO 240 88-93"
"5014";"VOLVO S60 CROSS COUNTRY 16-19"
"5015";"VOLVO V60 CROSS COUNTRY 19->>"
"5017";"VOLVO 260 75-78"
"5018";"VOLVO 260 79-80"
"5019";"VOLVO 260 81-87"
"5021";"VOLVO 343/345 76-79"
"5022";"VOLVO 343/345 80-81"
"5023";"VOLVO 340/360 82-89"
"5024";"VOLVO V50 04-07"
"5025";"VOLVO V50 08-12"
"5026";"VOLVO S90 17->>"
"5027";"VOLVO V90 17->>"
"5028";"VOLVO V40 12-19"
"5029";"VOLVO V40 CROSS COUNTRY 13-19"
"5030";"VOLVO 440 89-96"
"5031";"VOLVO S60 19->>"
"5032";"VOLVO V60 19->>"
"5035";"VOLVO 460 90-96"
"5040";"VOLVO 480 87-95"
"5041";"VOLVO C70 98-05"
"5042";"VOLVO C70 06-10"
"5043";"VOLVO 760 82-87"
"5044";"VOLVO 760 88-90"
"5045";"VOLVO C70 10-13"
"5046";"VOLVO V90 CROSS COUNTRY 17->>"
"5048";"VOLVO EX40 25->>"
"5049";"VOLVO EC40 24->>"
"5050";"VOLVO 740 84-87"
"5051";"VOLVO 740 88-92"
"5052";"VOLVO C30 07-10"
"5053";"VOLVO C30 10-13"
"5054";"VOLVO C40/RECHARGE 21->>"
"5055";"VOLVO 850 91-97"
"5056";"VOLVO S70/V70/XC 97-00"
"5057";"VOLVO S80 99-03"
"5058";"VOLVO S80 04-06"
"5059";"VOLVO S80 07-13"
"5060";"VOLVO 940 91-98"
"5061";"VOLVO V70 00-04"
"5062";"VOLVO V70 05-08"
"5063";"VOLVO V70 08-13"
"5064";"VOLVO V70 14-16"
"5065";"VOLVO 960 91-97"
"5066";"VOLVO S90/V90 97-98"
"5067";"VOLVO XC90 03-06"
"5068";"VOLVO XC90 07-14"
"5069";"VOLVO S40 04-07"
"5070";"VOLVO S40/V40 96-04"
"5071";"VOLVO S60 01-04"
"5072";"VOLVO S60 05-10"
"5073";"VOLVO S60 11-13"
"5074";"VOLVO S40 08-12"
"5075";"VOLVO XC60 09-13"
"5076";"VOLVO XC60 14-17"
"5077";"VOLVO V60 11-13"
"5078";"VOLVO V60 14-18"
"5079";"VOLVO V60 CROSS COUNTRY 16-18"
"5080";"VOLVO 780 87-90"
"5081";"VOLVO XC70 01-04"
"5082";"VOLVO XC70 05-07"
"5083";"VOLVO XC70 08-13"
"5084";"VOLVO XC70 14-16"
"5085";"VOLVO XC40/RECHARGE 18->>"
"5090";"VOLVO XC90/RECHARGE 16->>"
"5091";"VOLVO EX90 23->>"
"5092";"VOLVO EX30 24->>"
"5093";"VOLVO EX30 CROSS COUNTRY 25->>"
"5095";"VOLVO XC60 18->>"
"5100";"BEDFORD ÖVRIGT"
"5109";"POLESTAR ÖVRIGT"
"5110";"POLESTAR 1 19-22"
"5111";"POLESTAR 2 20->>"
"5112";"POLESTAR 3 24->>"
"5113";"POLESTAR 4 24->>"
"5200";"HYUNDAI ÖVRIGT"
"5201";"HYUNDAI COUPE"
"5202";"HYUNDAI MATRIX"
"5203";"HYUNDAI GETZ"
"5204";"HYUNDAI GENESIS"
"5205";"HYUNDAI PONY"
"5206";"HYUNDAI SANTA FE 00-06"
"5207";"HYUNDAI SANTA FE 06-12"
"5208";"HYUNDAI SANTA FE 13-18"
"5209";"HYUNDAI GRAND SANTA FE 14-18"
"5210";"HYUNDAI SONATA 91-93"
"5211";"HYUNDAI SONATA 94-98"
"5212";"HYUNDAI SONATA 99-05"
"5213";"HYUNDAI SONATA 06-10"
"5215";"HYUNDAI SCOUPE"
"5216";"HYUNDAI CENTENNIAL"
"5217";"HYUNDAI KONA/ELECTRIC OS 18-23"
"5218";"HYUNDAI GRANDEUR"
"5219";"HYUNDAI KONA/ELECTRIC SX2 23->>"
"5220";"HYUNDAI ELANTRA J1 91-95"
"5221";"HYUNDAI ELANTRA J2/RD 96-00"
"5222";"HYUNDAI ELANTRA XD 00-03"
"5223";"HYUNDAI ELANTRA HD 04-10"
"5225";"HYUNDAI ACCENT 95-98"
"5226";"HYUNDAI ACCENT 99-02"
"5227";"HYUNDAI ACCENT 03-06"
"5228";"HYUNDAI ACCENT 06-11"
"5230";"HYUNDAI XG 30"
"5231";"HYUNDAI ix35"
"5232";"HYUNDAI ix55"
"5233";"HYUNDAI ix20"
"5235";"HYUNDAI TRAJET"
"5236";"HYUNDAI TERRACAN"
"5237";"HYUNDAI TUCSON 05->>"
"5238";"HYUNDAI BAYON BC3 21->>"
"5239";"HYUNDAI IONIQ 5 NE 22->>"
"5240";"HYUNDAI EXCEL"
"5241";"HYUNDAI IONIQ 6 CE 23->>"
"5243";"HYUNDAI TIBURON"
"5244";"HYUNDAI VELOSTER 12-17"
"5248";"HYUNDAI SANTA FE MX5 24->>"
"5249";"HYUNDAI SANTA FE 19-23"
"5250";"HYUNDAI GALLOPER"
"5251";"HYUNDAI SOLARIS"
"5255";"HYUNDAI IONIQ AE 17-22"
"5260";"HYUNDAI NEXO 18->>"
"5278";"HYUNDAI i10 LA 20->>"
"5279";"HYUNDAI i10 BA 17-20"
"5280";"HYUNDAI H-100"
"5281";"HYUNDAI ATOS PRIME 99-08"
"5282";"HYUNDAI i10 BA 14-16"
"5283";"HYUNDAI ATOS CLASSIC 97-03"
"5284";"HYUNDAI i10 PA 08-13"
"5285";"HYUNDAI i20 PB 09-14"
"5286";"HYUNDAI i20 GB 15-20"
"5287";"HYUNDAI i20 BC 21->>"
"5290";"HYUNDAI i30 FD 07-12"
"5291";"HYUNDAI i30 GD 13-17"
"5292";"HYUNDAI i30 PD 17->>"
"5293";"HYUNDAI i40 16-18"
"5294";"HYUNDAI i40 08-15"
"5295";"HYUNDAI H-1/STAREX 97-08"
"5296";"HYUNDAI H-1/STAREX 08-21"
"5297";"HYUNDAI STARIA 21->>"
"5300";"SEAT ÖVRIGT"
"5301";"SEAT TOLEDO 1L 91-99"
"5302";"SEAT TOLEDO 1M 99-04"
"5303";"SEAT TOLEDO 05-12"
"5304";"SEAT TOLEDO 12-19"
"5305";"SEAT ALHAMBRA 96-00"
"5306";"SEAT ALHAMBRA 01-10"
"5307";"SEAT ALHAMBRA 11->>"
"5308";"SEAT IBIZA I 85-88"
"5309";"SEAT IBIZA I 89-92"
"5310";"SEAT IBIZA II 93-99"
"5311";"SEAT IBIZA II 99-01"
"5312";"SEAT IBIZA III 02-06"
"5313";"SEAT IBIZA III 06-08"
"5314";"SEAT IBIZA IV 08-16"
"5315";"SEAT INCA"
"5316";"SEAT AROSA"
"5317";"SEAT MARBELLA"
"5318";"SEAT Mii, Mii electric"
"5319";"SEAT ARONA"
"5320";"SEAT CORDOBA 94-99"
"5321";"SEAT CORDOBA 99-02"
"5322";"SEAT CORDOBA 03-09"
"5323";"SEAT IBIZA V 17-20"
"5324";"SEAT IBIZA V 21->>"
"5325";"SEAT MALAGA, GREGOS"
"5330";"SEAT LEON 99-05"
"5331";"SEAT LEON 06-12"
"5332";"SEAT LEON 13-20"
"5333";"SEAT LEON 20->>"
"5335";"SEAT ALTEA"
"5336";"SEAT TARRACO 19->>"
"5338";"SEAT ATECA 16->>"
"5340";"SEAT TRIBU"
"5345";"SEAT EXEO"
"5349";"CUPRA FORMENTOR 21->>"
"5350";"CUPRA ATECA 19->>"
"5351";"CUPRA LEON 21->>"
"5352";"CUPRA BORN 22->>"
"5353";"CUPRA TAVASCAN 24->>"
"5354";"CUPRA TERRAMAR 25->>"
"5380";"LIGIER MYLI"
"5381";"LIGIER JS 60"
"5382";"MICROCAR LDW 502"
"5383";"MICROCAR M.CROSS"
"5384";"MICROCAR M.GO"
"5385";"MICROCAR DUÉ"
"5386";"JDM ALOES"
"5387";"CASALINI M20 18->>"
"5388";"CHATENET CH46"
"5389";"CHATENET CH40"
"5390";"CHATENET CH26"
"5391";"CHATENET CH32"
"5392";"CHATENET CH39"
"5393";"CASALINI M12 12-15"
"5394";"CASALINI M14 14-18"
"5395";"BELLIER JADE"
"5396";"BELLIER B8"
"5397";"JIAYUAN EIDOLA"
"5398";"AIXAM PRO D-TRUCK"
"5399";"CASALINI M10 09-12"
"5400";"PIAGGIO ÖVRIGT"
"5401";"PIAGGIO APE 50"
"5402";"PIAGGIO QUARGO"
"5403";"PIAGGIO PORTER"
"5404";"PIAGGIO M500"
"5405";"TASSO"
"5406";"AIXAM ÖVRIGT"
"5407";"JDM ÖVRIGT"
"5408";"MELEX"
"5409";"AIXAM 400"
"5410";"AIXAM 500"
"5411";"AIXAM A721"
"5412";"AIXAM A741"
"5413";"AIXAM A751"
"5414";"AIXAM CROSSLINE"
"5415";"AIXAM SCOUTY"
"5416";"AIXAM MEGA"
"5417";"JDM ABACA"
"5418";"JDM TITANE"
"5419";"JDM ALBIZIA"
"5420";"GALLOPER ÖVRIGT"
"5421";"GALLOPER EXCEED"
"5422";"GRECAV-EKE BERLINA/SPORT"
"5423";"GRECAV-EKE LAVORO"
"5424";"GRECAV-EKE P-U/VAN/SW"
"5425";"MICROCAR ÖVRIGT"
"5426";"JDM ROXSY"
"5427";"AMICA ÖVRIGT"
"5428";"GARIA ÖVRIGT"
"5429";"CASALINI YDEA"
"5430";"CASALINI SULKY / P-U"
"5431";"CASALINI TRANSPORT"
"5432";"LIGIER AMBRA"
"5433";"LIGIER NOVA"
"5434";"LIGIER X-TOO"
"5435";"LIGIER BE TWO"
"5436";"GRECAV-EKE AMICA 3-HJULING"
"5437";"GRECAV-EKE AMICA LUNA"
"5438";"LIGIER IXO"
"5439";"LIGIER OPTIMAX"
"5440";"LIGIER PROFESSIONAL"
"5441";"LIGIER JS RC"
"5442";"LIGIER JS 50"
"5443";"AIXAM MINAUTO"
"5444";"LIGIER DUE"
"5445";"LIGIER JS 20"
"5446";"AIXAM CITY"
"5447";"AIXAM COUPE"
"5448";"AIXAM CROSSOVER"
"5449";"AIXAM GTO"
"5450";"LEXUS ÖVRIGT"
"5451";"LEXUS IS 200/300 99-05"
"5452";"LEXUS IS 220d/250/350 06-13"
"5453";"LEXUS GS 300/400/430 91-05"
"5454";"LEXUS LS 400 90-00"
"5455";"LEXUS LS 430 01-06"
"5456";"LEXUS SC 430 02-09"
"5457";"LEXUS GS 300/430/450H 05-12"
"5458";"LEXUS GX 470"
"5459";"LEXUS LS 460/600H 07-17"
"5460";"LEXUS RX XU10 97-03"
"5461";"LEXUS RX XU30 03-09"
"5462";"LEXUS ES 250/300/330"
"5463";"LEXUS IS-F 06-09"
"5464";"LEXUS CT 200h"
"5465";"LEXUS RX AL10 09-15"
"5466";"LEXUS IS 250/350 14-20"
"5467";"LEXUS RX AL30 23->>"
"5468";"LEXUS RX AL20 16-22"
"5469";"LEXUS LS 350/500/500H 18->>"
"5470";"LEXUS NX 300h 15-21"
"5471";"LEXUS NX 350h/450h+ 21->>"
"5474";"LEXUS UX/300e 19->>"
"5475";"LEXUS GS 300h/450h 13-20"
"5476";"LEXUS RZ 23->>"
"5477";"LEXUS LBX 24->>"
"5480";"LEXUS RC 15->>"
"5483";"LEXUS LC 500/500H 18->>"
"5490";"LYNK o CO ÖVRIGT"
"5491";"LYNK o CO 01 17->>"
"5492";"LYNK o CO 02 25->>"
"5500";"SSANG YONG ÖVRIGT"
"5501";"SSANG YONG MUSSO"
"5502";"KGM ÖVRIGT"
"5503";"KGM MUSSO EV 25->>"
"5504";"KGM MUSSO GRAND 25->>"
"5505";"SSANG YONG REXTON"
"5506";"KGM REXTON 25->>"
"5507";"KGM TORRES EVX 25->>"
"5508";"SSANG YONG RODIUS"
"5511";"SSANG YONG ACTYON/SPORT 06-17"
"5512";"SSANG YONG ACTYON/SPORT 18->>"
"5515";"SSANG YONG KYRON"
"5520";"SSANG YONG TIVOLI 17->>"
"5525";"SSANG YONG XLV 16->>"
"5549";"SSANG YONG KORANDO"
"5550";"KIA ÖVRIGT"
"5551";"KIA PRIDE"
"5552";"KIA MAGENTIS"
"5553";"KIA JOICE"
"5554";"KIA RIO 01-05"
"5555";"KIA SEPHIA 94-98"
"5556";"KIA SEPHIA 99-01"
"5557";"KIA SHUMA"
"5558";"KIA RETONA"
"5559";"KIA CREDOS"
"5560";"KIA CLARUS 97-99"
"5561";"KIA CLARUS 00-01"
"5562";"KIA VENGA 10-19"
"5563";"KIA RIO 06-11"
"5564";"KIA RIO 12-16"
"5565";"KIA CARNIVAL"
"5566";"KIA OPTIMA 00-15"
"5567";"KIA CARENS I 03-06"
"5568";"KIA CARENS II 07-12"
"5569";"KIA CARENS III 13-19"
"5570";"KIA SORENTO 03-09"
"5571";"KIA SORENTO 10-14"
"5572";"KIA SORENTO 15-20"
"5573";"KIA SORENTO 21->>"
"5574";"KIA OPTIMA 16-20"
"5575";"KIA CEED 06-12"
"5576";"KIA CEED / CEED SW 19->>"
"5577";"KIA CEED 12-18"
"5578";"KIA PICANTO 12-17"
"5579";"KIA PICANTO 17->>"
"5580";"KIA XCEED 19->>"
"5581";"KIA PROCEED 19->>"
"5582";"KIA EV9 24->>"
"5583";"KIA STONIC 18->>"
"5584";"KIA RIO 17->>"
"5585";"KIA NIRO SG2 23->>"
"5586";"KIA NIRO DE 17-22"
"5587";"KIA SPORTAGE NQ5 22->>"
"5588";"KIA STINGER 18->>"
"5589";"KIA EV6 CV 22->>"
"5590";"KIA SPORTAGE JA 95-04"
"5591";"KIA PREGIO"
"5592";"KIA PICANTO 04-11"
"5593";"KIA OPIRUS"
"5594";"KIA BESTA"
"5595";"KIA CERATO"
"5596";"KIA SOUL 09->>"
"5597";"KIA SPORTAGE QL 16-21"
"5598";"KIA SPORTAGE JE 05-10"
"5599";"KIA SPORTAGE SL 11-15"
"5600";"GINETTA ÖVRIGT"
"5650";"JC ÖVRIGT"
"5655";"KEWET ÖVRIGT"
"5700";"SPECTRE ÖVRIGT"
"5750";"SMART ÖVRIGT"
"5752";"SMART CROSSBLADE"
"5753";"SMART FORFOUR 04-06"
"5754";"SMART FORTWO I 98-07"
"5755";"SMART ROADSTER 03-06"
"5759";"SMART FORTWO II 07-14"
"5760";"SMART FORTWO III 14-24"
"5761";"SMART 1 24->>"
"5762";"SMART 3 24->>"
"5763";"SMART FORFOUR/EQ 14-21"
"5800";"MAXUS EUNIQ5 MPV 21->>"
"5801";"MAXUS EV80 19->>"
"5802";"MAXUS E-DELIVER3 EV30 20->>"
"5803";"MAXUS E-DELIVER9 22->>"
"5804";"MAXUS EUNIQ6 SUV 21->>"
"5805";"MAXUS eT90/T90 EV PICKUP 23->>"
"5806";"MAXUS MIFA 9 MPV 23->>"
"5807";"MAXUS MIFA 7 MPV 25->>"
"5808";"MAXUS E-DELIVER7 25->>"
"5810";"MAXUS ÖVRIGT"
"5850";"BYD ÖVRIGT"
"5851";"BYD TANG 22->>"
"5852";"BYD ETP3 T3 22->>"
"5853";"BYD ATTO 3 22->>"
"5854";"BYD HAN 23->>"
"5855";"BYD DOLPHIN 23->>"
"5856";"BYD SEAL 23->>"
"5857";"BYD SEAL U SUV 24->>"
"5870";"JAC ÖVRIGT"
"5871";"JAC E-JS4 23->>"
"5900";"DFSK FENGON 5 21->>"
"5901";"DFSK FENGON 580 21->>"
"5902";"DFSK SERES 3 21->>"
"5903";"DFSK SERES 5 22->>"
"5949";"DFSK ÖVRIGT"
"5950";"HONGQI ÖVRIGT"
"5951";"HONGQI E-HS9 22->>"
"5952";"HONGQI EH7 25->>"
"5953";"HONGQI EHS7 25->>"
"6000";"XPENG P5 22-23"
"6001";"XPENG P7 22->>"
"6005";"XPENG G3 21-23"
"6006";"XPENG G9 22->>"
"6007";"XPENG G6 24->>"
"6010";"XPENG ÖVRIGT"
"6100";"MAN TGE"
"6200";"FISKER ÖVRIGT"
"6201";"FISKER OCEAN"
"6250";"AIWAYS ÖVRIGT"
"6251";"AIWAYS U5 21->>"
"6252";"AIWAYS U6 22->>"
"6300";"NIO ÖVRIGT"
"6301";"NIO ET5/ET5 TOURING 23->>"
"6302";"NIO ET7 22->>"
"6303";"NIO EL7 SUV 23->>"
"6304";"NIO EL6 SUV 24->>"
"6305";"NIO EL8 SUV 24->>"
"6306";"NIO ES8 23-24"
"6350";"ORA ÖVRIGT"
"6351";"ORA FUNKY CAT 22-23"
"6352";"GWM ORA 03 24->>"
"6353";"GWM ORA 07 24->>"
"6356";"GWM WEY 03 SUV 24->>"
"6357";"GWM WEY 05 SUV 24->>"
"6370";"GWM ÖVRIGT"
"6400";"SKYWELL ÖVRIGT"
"6401";"SKYWELL ET5 23->>"
"6450";"WEY ÖVRIGT"
"6451";"WEY COFFEE 01 22-23"
"6500";"ZEEKR ÖVRIGT"
"6501";"ZEEKR 001 23->>"
"6502";"ZEEKR X 23->>"
"6503";"ZEEKR 009 FLEET 24->>"
"6504";"ZEEKR 7X 25->>"
"6600";"VOYAH ÖVRIGT"
"6601";"VOYAH FREE 21->>"
"6602";"VOYAH DREAM 24->>"
"6603";"VOYAH PASSION 24->>"
"6604";"VOYAH COURAGE 25->>"
"7001";"AC COBRA ÖVRIGT 62-68"
"7005";"ACURA INTEGRA 86-06"
"7022";"ALFA BERLINA 68-77"
"7050";"AUDI 5000 78-91"
"7060";"AUDI RS2 94-96"
"7061";"AUDI RS4 99->>"
"7062";"AUDI RS6 02->>"
"7069";"AUSTIN 1100/1300 62-74"
"7070";"AUSTIN A30 51-56"
"7073";"AUSTIN A50 54-57"
"7078";"AUSTIN ALLEGRO 73-82"
"7081";"AUSTIN ÖVRIGT"
"7088";"BENTLEY CONTINENTAL 06->>"
"7097";"BMW 2000 C/CS 65-69"
"7103";"BMW 700 59-65"
"7104";"BMW CS2800/3.0/2.5 E9 68-76"
"7107";"BMW M3 86->>"
"7108";"BMW M5 84->>"
"7109";"BMW M6 86->>"
"7110";"BMW Z1 E30 87-92"
"7118";"BUICK ALLURE"
"7121";"BUICK CENTURY 36-05"
"7122";"BUICK ELECTRA 59-90"
"7124";"BUICK GRAND NATIONAL 82-88"
"7128";"BUICK LE SABRE 59-05"
"7131";"BUICK PARK AVENUE 91-05"
"7135";"BUICK REGAL 73-17"
"7137";"BUICK RIVIERA 63-99"
"7138";"BUICK ROADMASTER 36-96"
"7140";"BUICK SKYHAWK 75-89"
"7141";"BUICK SKYLARK 53-98"
"7143";"BUICK SPECIAL 36-69"
"7144";"BUICK SUPER 40-58"
"7148";"BUICK WILDCAT 63-70"
"7151";"CADILLAC BROUGHAM 87-92"
"7152";"CADILLAC CALAIS 65-76"
"7155";"CADILLAC CONCOURS 94-99"
"7156";"CADILLAC DTS 06-11"
"7159";"CADILLAC FLEETWOOD 35-96"
"7173";"CHEVROLET BEL AIR 50-81"
"7174";"CHEVROLET BISCAYNE 58-75"
"7176";"CHEVROLET CAVALIER 82-05"
"7178";"CHEVROLET CHEVETTE 76-87"
"7179";"CHEVROLET CITATION 80-85"
"7180";"CHEVROLET COBALT 05->>"
"7183";"CHEVROLET CORVAIR 60-69"
"7184";"CHEVROLET EL CAMINO 59-87"
"7187";"CHEVROLET EQUINOX 05->>"
"7190";"CHEVROLET FLEETSIDE 60-98"
"7193";"CHEVROLET IMPALA 58->>"
"7195";"CHEVROLET LUMINA 90-13"
"7200";"CHEVROLET MONTE CARLO 70-07"
"7210";"CHEVROLET SSR 03-06"
"7218";"CHEVROLET VENTURE 97-05"
"7221";"CHRYSLER CONCORDE 93-04"
"7224";"CHRYSLER E CLASS"
"7229";"CHRYSLER NEWPORT 61-81"
"7230";"CHRYSLER PACIFICA 04->>"
"7233";"CHRYSLER TOWN COUNTRY 46-16"
"7234";"CHRYSLER WINDSOR 40-61"
"7235";"CITROEN 2CV 48-90"
"7243";"CITROEN DYANE 67-83"
"7250";"DAF TJORVEN 68-71"
"7260";"DE SOTO FIREDOME 52-59"
"7271";"DKW ÖVRIGT"
"7276";"DODGE ASPEN 76-82"
"7280";"DODGE CHALLENGER 70->>"
"7281";"DODGE CHARGER 66->>"
"7285";"DODGE CORONET 49-76"
"7288";"DODGE DAKOTA 87-11"
"7290";"DODGE DAYTONA 84-93"
"7294";"DODGE GRAND CARAVAN 84-20"
"7295";"DODGE INTREPID 93-04"
"7299";"DODGE MONACO 65-92"
"7300";"DODGE NEON 94->>"
"7304";"DODGE PICKUP RAM SRT-10 04-06"
"7307";"DODGE RAM WAGON 81-03"
"7308";"DODGE RAMCHARGER 74-02"
"7309";"DODGE SHADOW 87-94"
"7313";"DODGE STRATUS 95-06"
"7333";"FERRARI 456 93-04"
"7342";"FIAT 103 1100 53-69"
"7343";"FIAT 1200 57-63"
"7344";"FIAT 124 66-75"
"7345";"FIAT 125 67-72"
"7349";"FIAT 1400 50-58"
"7358";"FIAT 600 SEICENTO 55-69"
"7359";"FIAT 850 64-72"
"7361";"FIAT ALBEA 02-12"
"7368";"FIAT PALIO 96-17"
"7373";"FORD ANGLIA 39-67"
"7375";"FORD CONSUL 52-76"
"7376";"FORD CONTOUR 95-00"
"7377";"FORD CORSAIR 63-70"
"7378";"FORD CORTINA 62-82"
"7382";"FORD CROWN VICTORIA 92-12"
"7386";"FORD ESCAPE 01->>"
"7387";"FORD EXP 82-88"
"7390";"FORD FESTIVA 88-00"
"7396";"FORD GALAXIE 59-74"
"7398";"FORD GRANADA USA"
"7399";"FORD GT 05-22"
"7401";"FORD LTD 66-86"
"7404";"FORD MODEL A 1903-1931"
"7408";"FORD P-SERIES 53-77"
"7422";"FORD TORINO 68-76"
"7424";"FORD TRUCK F350 99->>"
"7425";"FORD TRUCK F450 99->>"
"7426";"FORD TRUCK F550 99->>"
"7428";"FORD VAN E350 68-99"
"7441";"GMC JIMMY 70-05"
"7443";"GMC SAFARI 85-05"
"7445";"GMC SIERRA 88->>"
"7449";"GMC TYPHOON 92-93"
"7450";"GMC VAN 64-96"
"7451";"GMC VANDURA 64-96"
"7452";"GMC YUKON 92->>"
"7457";"HILLMAN MINX 32-70"
"7468";"HUDSON COMMODORE 41-51"
"7486";"INFINITI M30 89-92"
"7489";"INFINITI Q45 90-07"
"7515";"JEEP CJ 56-86"
"7518";"JEEP GRAND WAGONEER 62->>"
"7522";"JEEP WAGONEER 62->>"
"7529";"KIA K2500, K2700, K3000 97->>"
"7531";"KIA SEDONA 99-21"
"7533";"LADA 110, 111, 112 95-09"
"7534";"LADA 2106 76-06"
"7542";"LAMBORGHINI ESPADA 68-78"
"7543";"LAMBORGHINI GALLARDO 04-14"
"7548";"LANCIA KAPPA 94-00"
"7549";"LANCIA LYBRA 98-05"
"7550";"LANCIA MUSA 04-12"
"7551";"LANCIA THESIS 01-09"
"7553";"LANCIA ZETA 94-14"
"7555";"LANDROVER ÖVRIGT"
"7561";"LEXUS LX 450/470 96->>"
"7563";"LEXUS SC 300/400 92-10"
"7564";"LINCOLN AVIATOR 03->>"
"7567";"LINCOLN LS 00-06"
"7568";"LINCOLN MARK III 69-71"
"7569";"LINCOLN MARK IV 72-76"
"7571";"LINCOLN MARK V, VI 77-83"
"7573";"LINCOLN MARK VII, VIII 84-98"
"7596";"MAZDA 1200 67-77"
"7598";"MAZDA B2300 94-09"
"7602";"MAZDA FAMILIA 63-03"
"7603";"MAZDA GLC 81-85"
"7610";"MAZDA RX2 71-74"
"7616";"MB 309 T1 77-95"
"7636";"MB SLR MCLAREN (C199/R199/Z199) 04-10"
"7638";"MERCURY COUGAR 67-02"
"7639";"MERCURY GRAND MARQUISE"
"7645";"MERCURY MONTEREY 52-74"
"7646";"MERCURY MOUNTAINEER 97-10"
"7647";"MERCURY MYSTIQUE 95-00"
"7648";"MERCURY ÖVRIGT"
"7650";"MERCURY SABLE 86-09"
"7655";"MG MGB 62-97"
"7656";"MG MIDGET 61-80"
"7658";"MG ÖVRIGT"
"7660";"MITSUBISHI DIAMANTE 90-05"
"7664";"MITSUBISHI FUSCO 84->>"
"7665";"MITSUBISHI LANCER EVOLUTION 92-16"
"7667";"MITSUBISHI MIRAGE 78->>"
"7668";"MITSUBISHI MONTERO 83-06"
"7672";"MORRIS MARINA 71-80"
"7673";"MORRIS MINOR 48-71"
"7681";"NISSAN ALTIMA 92->>"
"7684";"NISSAN FRONTIER 98->>"
"7693";"NISSAN SENTRA 82->>"
"7694";"NISSAN STAGEA 96-07"
"7695";"NISSAN XTERRA 99-15"
"7697";"OLDSMOBILE 88 49-99"
"7698";"OLDSMOBILE 98 42-96"
"7701";"OLDSMOBILE AURORA 95-03"
"7718";"OLDSMOBILE STARFIRE 61-80"
"7722";"OPEL BLITZ 30-75"
"7726";"OPEL KADETT A 62-65"
"7728";"OPEL OLYMPIA REKORD 53-57"
"7729";"OPEL REKORD A 63-65"
"7730";"OPEL REKORD B 65-66"
"7731";"OPEL REKORD PI, PII 57-63"
"7734";"PEUGEOT 203 48-60"
"7736";"PEUGEOT 403 55-67"
"7737";"PEUGEOT 404 60-81"
"7741";"PLYMOUTH BARRACUDA 64-74"
"7742";"PLYMOUTH BELVEDERE 51-70"
"7747";"PLYMOUTH COLT VISTA"
"7751";"PLYMOUTH DUSTER 70-76"
"7752";"PLYMOUTH FURY 57-78"
"7753";"PLYMOUTH GRAN FURY"
"7754";"PLYMOUTH GRAND VOYAGER 84-00"
"7755";"PLYMOUTH GTX 67-71"
"7757";"PLYMOUTH LASER 90-94"
"7758";"PLYMOUTH NEON 94-01"
"7764";"PLYMOUTH SATELLITE 65-74"
"7773";"PLYMOUTH VALIANT 60-76"
"7774";"PLYMOUTH VOLARE 76-80"
"7775";"PLYMOUTH VOYAGER 84-00"
"7778";"PONTIAC AZTEK"
"7779";"PONTIAC CATALINA 59-81"
"7784";"PONTIAC GRAND AM 73-05"
"7786";"PONTIAC GRANDVILLE 71-75"
"7788";"PONTIAC LE MANS 62-83"
"7791";"PONTIAC PARISIENNE 59-87"
"7796";"PONTIAC STAR CHIEF 54-66"
"7806";"PONTIAC VIBE 03-10"
"7815";"PORSCHE 911 993 94-98"
"7822";"RENAULT 25 83-92"
"7826";"RENAULT CARAVELLE/FLORIDE 58-68"
"7829";"RENAULT ENCORE 83-87"
"7833";"RENAULT VEL SATIS 01-09"
"7835";"ROLLS-ROYCE CORNICHE 71-87"
"7839";"ROLLS-ROYCE SILVER DAWN 49-55"
"7842";"ROLLS-ROYCE SILVER SPIRIT 80-97"
"7845";"ROVER SD1 76-86"
"7848";"SAAB 93, MONTE CARLO 56-60"
"7853";"SATURN OUTLOOK 07-10"
"7860";"SEAT 600, 800 57-68"
"7863";"SIMCA 1000, 1200S COUPE 61-78"
"7867";"SIMCA ARONDE 51-64"
"7869";"SKODA 100/110 69-77"
"7870";"SKODA 105/120 76-90"
"7872";"SKODA 130-136 85-90"
"7887";"STUDEBAKER CHAMPION 39-58"
"7907";"SUZUKI AERIO 01-07"
"7913";"SUZUKI MR WAGON 01-16"
"7918";"TOYOTA AVALON 95-22"
"7921";"TOYOTA HIGHLANDER 01->>"
"7922";"TOYOTA MATRIX 03-14"
"7927";"TOYOTA SIENNA 98->>"
"7929";"TOYOTA TACOMA 95->>"
"7950";"VW 1500/1600 TYPE 3 62-73"
"7951";"VW 411/412 TYPE 4 69-74"
"7952";"VW CABRIO TYPE 1 49-04"
"7960";"VW TRANSPORTER T1 50-67"
"7969";"SUNBEAM ÖVRIGT"
"7974";"WARTBURG ÖVRIGT"
"7977";"TALBOT RANCHO 77-84"
"7978";"TALBOT SAMBA 81-86"
"7979";"TALBOT 1301/1501 66-75"
"7980";"SUZUKI X-90 95-97"
"7981";"PEUGEOT J7 65-80"
"7984";"MG MONTEGO 85-91"
"7988";"MINI MK I, II, III, IV, V 59-88"
"7989";"MITSUBISHI STRADA"
"7991";"MAZDA E2500-E3000 78-84"
"7992";"LADA 2103 72-84"
"7993";"LADA 2102 71-86"
"7995";"MB 206-307B+D 71-76"
"8000";"ÖVRIGT PERSONBILAR"
"8050";"SOMMARDÄCK"
"8051";"SOMMARDÄCK SATS 4ST"
"8052";"SOMMARDÄCK SATS 2ST"
"8053";"VINTERDÄCK DUBBADE SATS 2ST"
"8054";"VINTERDÄCK DUBBADE SATS 4ST"
"8055";"VINTERDÄCK DUBBAT"
"8056";"VINTERDÄCK/FRIKTIONSDÄCK"
"8057";"VINTERDÄCK/FRIKTIONSDÄCK SATS 4ST"
"8058";"VINTERDÄCK/FRIKTIONSDÄCK SATS 2ST"
"8113";"CHRYSLER SARATOGA 39-95"
"8122";"FIAT POLSKI FSO POLONEZ 78-97"
"8123";"FIAT POLSKI 125P 67-91"
"8124";"CITROEN LN / LNA 76-86"
"8129";"AUDI S5 UTGÅR 07->>"
"8134";"TOYOTA COROLLA KE10 66-70"
"8135";"PEUGEOT J9 81-91"
"8136";"CITROEN H/HW/HY/HZ/1600 48-81"
"8200";"BUSS"
"8300";"LASTBILAR ÖVER 3.5ton ÖVRIGT"
"8400";"SLÄP LÄTT < 3.5ton"
"8401";"HÄSTSLÄP"
"8450";"SLÄP TUNGT > 3.5ton"
"8460";"HUSBIL ELDDIS"
"8461";"HUSBIL ELNAGH"
"8462";"HUSBIL KABE"
"8463";"HUSBIL LAIKA"
"8464";"HUSBIL SUNLIGHT"
"8465";"HUSBIL LMC"
"8466";"HUSBIL MCLOUIS"
"8467";"HUSBIL MOBILVETTA"
"8468";"HUSBIL NIESMANN"
"8469";"HUSBIL NORDIC"
"8470";"HUSBIL RAPIDO"
"8471";"HUSBIL SOLIFER"
"8472";"HUSBIL SUN LIVING"
"8473";"HUSBIL TABBERT"
"8474";"HUSBIL WEINSBERG"
"8475";"HUSBIL WILK"
"8476";"HUSBIL FRANKIA"
"8477";"HUSBIL MONCAYO"
"8478";"HUSBIL MIRAGE"
"8479";"HUSBIL TGL PHOENIX"
"8480";"HUSBIL ROLLER TEAM"
"8481";"HUSBIL LE VOYAGEUR"
"8500";"HUSVAGNAR ÖVRIGT"
"8501";"HUSVAGN/HUSBIL TILLBEHÖR"
"8502";"HUSVAGN ABC-VAGNEN"
"8503";"HUSVAGN AIRSTREAM"
"8505";"HUSVAGN ADRIA"
"8506";"HUSVAGN ABBEY"
"8507";"HUSVAGN BJÖLSETH"
"8508";"HUSVAGN BÜRSTNER"
"8510";"HUSVAGN CABBY"
"8511";"HUSVAGN CARADO"
"8515";"HUSVAGN CAVALIER"
"8516";"HUSVAGN DELTA"
"8517";"HUSVAGN DETHLEFFS"
"8520";"HUSVAGN SMÅLANDIA"
"8521";"HUSVAGN SMÅLANDSVAGNEN"
"8525";"HUSVAGN SPRITE"
"8526";"HUSVAGN SUNLIGHT"
"8529";"HUSVAGN SVELAND"
"8530";"HUSVAGN SÄVSJÖ"
"8531";"HUSVAGN ERIBA"
"8533";"HUSVAGN EUROPA"
"8534";"HUSVAGN FENDT"
"8535";"HUSVAGN FJÄLLVAGNEN"
"8540";"HUSVAGN FLIPPER"
"8545";"HUSVAGN HOBBY"
"8546";"HUSVAGN HOME CAR"
"8550";"HUSVAGN KABE"
"8551";"HUSVAGN KIP"
"8560";"HUSVAGN KNAUS"
"8561";"HUSVAGN LMC"
"8562";"HUSVAGN MATKAAJA"
"8563";"HUSVAGN MONZA"
"8565";"HUSVAGN POLAR"
"8566";"HUSVAGN OPIO"
"8568";"HUSVAGN RC CARAVAN"
"8569";"HUSVAGN SEESTERN"
"8570";"HUSVAGN SMW"
"8571";"HUSVAGN VIKING"
"8572";"HUSVAGN WEINSBERG"
"8575";"HUSVAGN SOLIFER"
"8576";"HUSVAGN STING"
"8577";"HUSVAGN TEC"
"8578";"HUSVAGN WILK"
"8579";"HUSVAGN ÖGGESTORP"
"8580";"HUSVAGN TABBERT"
"8581";"HUSBIL DETHLEFFS"
"8582";"HUSBIL EURA MOBIL"
"8583";"HUSBIL CLASSIC"
"8584";"HUSBIL CI CIPRO GARAGE"
"8585";"HUSBIL RIMOR"
"8586";"HUSBIL HOBBY"
"8587";"HUSBIL PILOTE"
"8588";"HUSBIL ARCA"
"8589";"HUSBIL KNAUS"
"8590";"HUSBIL SWIFT"
"8591";"HUSBIL CHAUSSON"
"8592";"HUSBIL HYMER"
"8593";"HUSBIL BüRSTNER"
"8594";"HUSBIL CHALLENGER"
"8595";"HUSBIL ADRIA"
"8596";"HUSBIL CABBY"
"8597";"HUSBIL CARTHAGO"
"8598";"HUSBIL CONCORDE"
"8599";"HUSBILAR ÖVRIGT"
"8600";"MC ÖVRIGT"
"8601";"MC APRILIA"
"8602";"MC BIMOTA"
"8603";"MC BSA"
"8604";"MC ARCTIC CAT"
"8605";"MC BMW"
"8606";"MC BUELL"
"8607";"MC BULTACO"
"8608";"MC BETA"
"8609";"MC BENELLI"
"8610";"MC CAGIVA"
"8611";"MC BRP"
"8612";"MC CF MOTO"
"8613";"MC DERBI"
"8614";"MC DUCATI"
"8615";"MC ENFIELD"
"8616";"MC GILERA"
"8617";"MC HUSQVARNA"
"8618";"MC HONDA"
"8619";"MC HUSABERG"
"8620";"MC HARLEY-DAVIDSON"
"8621";"MC HYOSUNG"
"8622";"MC JAWA"
"8623";"MC ENERGICA"
"8624";"MC KAWASAKI"
"8625";"MC FANTIC"
"8626";"MC KTM"
"8627";"MC KYMCO"
"8628";"MC LAVERDA"
"8629";"MC MUZ"
"8630";"MC MOTO GUZZI"
"8631";"MC GASGAS"
"8632";"MC MONTESA"
"8633";"MC PEUGEOT"
"8634";"MC TRIUMPH"
"8635";"MC NORTON"
"8636";"MC YAMAHA"
"8637";"MC PIAGGIO"
"8638";"MC HIGHLAND MOTORS"
"8639";"MC INDIAN"
"8640";"MC ZÜNDAPP"
"8641";"MC URAL"
"8642";"MC MAICO"
"8643";"MC MV AGUSTA"
"8644";"MC SUZUKI"
"8645";"MC PGO"
"8646";"MC ROYAL ENFIELD"
"8647";"MC SHINERAY"
"8648";"MC LAMBRETTA"
"8649";"MC VESPA"
"8650";"ATV MASSEY-FERGUSON"
"8651";"ATV ARCTIC CAT"
"8652";"ATV BASHAN"
"8653";"ATV SUZUKI"
"8654";"ATV KAWASAKI"
"8655";"ATV BRP/CAN AM"
"8656";"ATV LINHAI"
"8657";"ATV SMC"
"8658";"ATV POLARIS"
"8659";"ATV HISUN"
"8660";"ATV HONDA"
"8661";"ATV GOES"
"8662";"ATV YAMAHA"
"8663";"ATV CF MOTO"
"8664";"ATV DINLI"
"8665";"MC SORIANO MOTORI"
"8666";"MC VICTORY"
"8667";"MC ZERO"
"8668";"MC QUADRO"
"8669";"MC SHERCO"
"8670";"BUDDY"
"8671";"THINK"
"8672";"REVA"
"8673";"MC TM RACING"
"8674";"MC LIFAN"
"8700";"SNÖSKOTER ÖVRIGT"
"8701";"SNÖSKOTER SKI-DOO"
"8702";"SNÖSKOTER LYNX"
"8703";"SNÖSKOTER ARCTIC CAT"
"8704";"SNÖSKOTER OCKELBO"
"8705";"SNÖSKOTER POLARIS"
"8706";"SNÖSKOTER YAMAHA"
"8707";"SNÖSKOTER FINN CAT"
"8708";"SNÖSKOTER 4W-MOTO"
"8800";"EU MOPED ÖVRIGT"
"8801";"EU MOPED APRILIA"
"8802";"EU MOPED BAOTIAN"
"8803";"EU MOPED BETA"
"8804";"EU MOPED DERBI"
"8805";"EU MOPED DRAC"
"8806";"EU MOPED DRAX"
"8807";"EU MOPED ELOPED"
"8808";"EU MOPED EVESS"
"8809";"EU MOPED GARDENEY"
"8810";"EU MOPED KYMCO"
"8811";"EU MOPED MALAGUTI"
"8812";"EU MOPED NIU"
"8813";"EU MOPED PEUGEOT"
"8814";"EU MOPED PIAGGIO"
"8815";"EU MOPED RIEJU"
"8816";"EU MOPED SUPER SOCO"
"8817";"EU MOPED SUR RON"
"8818";"EU MOPED VESPA"
"8819";"EU MOPED VÄSSLA/VESSLA"
"8820";"EU MOPED MASAI"
"8821";"EU MOPED QINGQI"
"8822";"EU MOPED DONGFANG"
"8823";"EU MOPED TGB"
"8824";"EU MOPED TMS"
"8825";"EU MOPED YIYING"
"8826";"EU MOPED TWS"
"8827";"EU MOPED GIANTCO"
"8828";"EU MOPED 4W MOTOR"
"8829";"EU MOPED HANGLONG"
"8830";"EU MOPED BENZHOU"
"8831";"EU MOPED ZHEJIANG"
"8832";"EU MOPED LINGBEN"
"8833";"EU MOPED ORION"
"8834";"EU MOPED MOTO-ZETA"
"8835";"EU MOPED MOTORHISPANIA"
"8836";"EU MOPED VIARELLI"
"8837";"EU MOPED YAMAHA"
"8880";"ATV ÖVRIGT"
"8992";"DIM 215/60-17C"
"8993";"DIM 215/60-16C"
"8994";"DIM 205/60-17"
"9099";"EJ KODAD"
"9453";"ENTREPRENAD ATILA"
"9454";"ENTREPRENAD ATLAS"
"9455";"ENTREPRENAD BELL"
"9456";"ENTREPRENAD BOBCAT"
"9457";"ENTREPRENAD CATERPILLAR"
"9458";"ENTREPRENAD CASE"
"9459";"ENTREPRENAD CLARK"
"9460";"ENTREPRENAD DAEWOO"
"9461";"ENTREPRENAD DOOSAN"
"9462";"ENTREPRENAD ECOLOG"
"9463";"ENTREPRENAD FINTRAC"
"9464";"ENTREPRENAD FMG"
"9465";"ENTREPRENAD GENIE"
"9466";"ENTREPRENAD GREMO"
"9467";"ENTREPRENAD HANIX"
"9468";"ENTREPRENAD HANOMAG"
"9469";"ENTREPRENAD HITACHI"
"9470";"ENTREPRENAD HUDDIG"
"9471";"ENTREPRENAD HYUNDAI"
"9472";"ENTREPRENAD JCB"
"9473";"ENTREPRENAD JOHN DEERE"
"9474";"ENTREPRENAD KALMAR"
"9475";"ENTREPRENAD KOMATSU"
"9476";"ENTREPRENAD KUBOTA"
"9477";"ENTREPRENAD LIEBHERR"
"9478";"ENTREPRENAD LINDE"
"9479";"ENTREPRENAD LIUGONG"
"9480";"ENTREPRENAD LJUNGBY"
"9481";"ENTREPRENAD LÄNNEN"
"9482";"ENTREPRENAD MANITOU"
"9483";"ENTREPRENAD MERLO"
"9484";"ENTREPRENAD MICHIGAN"
"9485";"ENTREPRENAD NEUSON"
"9486";"ENTREPRENAD NEW HOLLAND/KOBELCO"
"9487";"ENTREPRENAD O&K"
"9488";"ENTREPRENAD ROTTNE"
"9489";"ENTREPRENAD SAMSUNG"
"9490";"ENTREPRENAD SCHAEFF"
"9491";"ENTREPRENAD SENNEBOGEN"
"9492";"ENTREPRENAD STOCKA"
"9493";"ENTREPRENAD TADANO"
"9494";"ENTREPRENAD TOYOTA"
"9495";"ENTREPRENAD VALMET/VALTRA"
"9496";"ENTREPRENAD VOLVO"
"9497";"ENTREPRENAD WILLE"
"9498";"ENTREPRENAD YANMAR"
"9499";"ENTREPRENAD ÅKERMAN"
"9500";"ENTREPRENADMASKINER ÖVRIGT"
"9520";"TRAKTOR ÖVRIGT"
"9521";"TRAKTOR BELOS"
"9522";"TRAKTOR CASE"
"9523";"TRAKTOR FENDT"
"9524";"TRAKTOR DAVID BROWN"
"9525";"TRAKTOR FIAT"
"9526";"TRAKTOR DEUTZ"
"9527";"TRAKTOR HANOMAG"
"9528";"TRAKTOR FORD"
"9529";"TRAKTOR HYDREMA"
"9530";"TRAKTOR INTERNATIONAL"
"9531";"TRAKTOR KUBOTA"
"9532";"TRAKTOR JOHN DEERE"
"9533";"TRAKTOR LUNDBERG"
"9534";"TRAKTOR MASSEY-FERGUSON"
"9535";"TRAKTOR MINI"
"9536";"TRAKTOR VOLVO BM VALMET"
"9537";"TRAKTOR NEW HOLLAND"
"9538";"TRAKTOR SAME"
"9539";"TRAKTOR SCHANZLIN"
"9540";"TRAKTOR ZETOR"
"9541";"TRAKTOR URSUS"
"9542";"TRAKTOR VALMET/VALTRA"
"9543";"TRAKTOR WILLE"
"9550";"LB DAF"
"9551";"LB FORD"
"9552";"LB IVECO"
"9553";"LB MAN"
"9554";"LB MERCEDES"
"9555";"LB SCANIA"
"9556";"LB VOLVO"
"9557";"LB RENAULT"
"9558";"LB TATRA"
"9559";"LB SISU"
"9560";"BUSS AUTOSAN"
"9561";"BUSS BOVA"
"9562";"BUSS DAF"
"9563";"BUSS KÄSSBOHRER-SETRA"
"9564";"BUSS MAN"
"9565";"BUSS MERCEDES"
"9566";"BUSS NEOPLAN"
"9567";"BUSS SCANIA"
"9568";"BUSS SOLARIS"
"9569";"BUSS VDL"
"9570";"BUSS VOLVO"
