"7645";"ABS HYDRAULIKONEISTO"
"7640";"ABS HYDRAULIPUMPPU"
"7647";"ABS HAMMASKEHÄ"
"7646";"ABS TUNNISTIN"
"8035";"ILMASTOINTI TÄYDELLINEN"
"8031";"ILMASTOINTI JÄÄH.KENNO/HÖYRYST"
"4501";"ILMASTOINTI PAISUNTAVENTTIILI"
"8038";"ILMASTOINTI PAINETUNNISTIN"
"8033";"ILMASTOINTI HÖYRYSTIN"
"4649";"ILMASTOINTI SISÄ LÄMPÖ ANTURI"
"7290";"ILMASTOINTI KOMPRESSORI"
"8036";"ILMASTOINTI KOMP/KIINNIKE"
"8009";"ILMASTOINTI LAUHDUTIN/JÄÄHDYTIN"
"8017";"ILMASTOINTI JÄÄHD.TUULETIN"
"8018";"ILMASTOINTI SÄÄTÖMOOTTORI"
"8007";"ILMASTOINTI LETKU/PUTKI"
"8008";"ILMASTOINTI OHJAUSYKSIKKÖ"
"8032";"ILMASTOINTI KUIVATUSSUODATIN"
"8037";"ILMASTOINTI KOMP/PAINE VAHTI"
"8019";"ILMASTOINTI LÄMPÖPUHALLIN"
"8039";"ILMASTOINTI/LÄMMITYS YKSIKKÖ"
"8034";"ILMASTOINTI MUUT"
"5080";"SÄILIÖ ADBLUE/UREA"
"2081";"LATURINHIHNA"
"8089";"AIRBAG TURVAVYÖKIRISTIN TAKA"
"8088";"AIRBAG TURVAVYÖKIRISTIN OIKEA"
"8087";"AIRBAG TURVAVYÖKIRISTIN VASEN"
"8082";"AIRBAG ETUTUNNISTIN OIKEA"
"8081";"AIRBAG ETUTUNNISTIN VASEN"
"8077";"AIRBAG POLVITYYNY"
"8084";"AIRBAG KOSKETINRUL./KIERREJOHD"
"8072";"AIRBAG TURVAVERHO OIKEA"
"8071";"AIRBAG TURVAVERHO VASEN"
"8078";"AIRBAG TUNNISTIN"
"8086";"AIRBAG MATKUSTAJAN TURVATYYNY"
"8085";"AIRBAG KULJETTAJAN TURVATYYNY"
"8076";"AIRBAG SIVUTURVATYYNY OIKEA"
"8075";"AIRBAG SIVUTURVATYYNY VASEN"
"8074";"AIRBAG ISTUIMEEN ASENNETTU"
"8080";"AIRBAG KATTO"
"9514";"AIRBAG MC"
"9515";"AIRBAG SENSOR MC"
"8090";"AIRBAG MUUT"
"7811";"RADIO ANTENNI"
"7807";"RADIOANTENNI SÄHKÖ"
"4635";"ANTENNIVAHVISTIN"
"7616";"ANTI DIVE OIK. MP"
"7617";"ANTI DIVE VAS. MP"
"7650";"MOOTTORI LUISTONESTO"
"3142";"TUHKAKUPPI"
"2014";"LIUOTINAINE"
"2050";"PAKOPUTKI ÄÄNENVAIM. TAKA"
"2052";"PAKOPUTKI ETUMAINEN"
"7867";"PAKOPUTKI PUOLI SARJA"
"2051";"PAKOPUTKI ÄÄNENVAIM. KESKI"
"2054";"PAKOPUTKI KESKI UUSI"
"2053";"PAKOPUTKI ASENNUSOSAT UUSI OSA"
"7868";"HIUKKASSUODATIN"
"2055";"PAKOPUTKI PAKOPUTKEN PÄÄ UUSI"
"7865";"PAKOPUTKI ESILÄMM.PELTI"
"7861";"PAKOPUTKI/ÄÄNENVAIMENNIN/PUTKI"
"4625";"PAKOKAASUJÄÄHDYTIN"
"7863";"PAKOPUTKI ETU/KESKI/TAKA"
"7862";"PAKOPUTKI TÄYDELLINEN"
"7864";"PAKOPUTKI MUUT"
"7114";"VETOAKSELIN TAPPI ETU/TAKA"
"5040";"PERUUTUSVALO"
"9451";"PERUUTUSHÄLYTIN MP/MOOTTORIKELKKA"
"5021";"TAVARATILAN POHJA"
"7140";"TAKA-AKSELI"
"4548";"TAKA-AKSELIN KIINNIKE"
"4549";"TAKA-AKSELIN KUMITYYNY"
"7119";"TAKA-AKSELIPALKKI"
"7141";"TAKA-AKSELIN"
"7879";"PERÄLAUTANOSTURI"
"5042";"TAKAVALO OIKEA"
"5048";"TAKAVALO TAKAKANSI OIKEA"
"5047";"TAKAVALO TAKAKANSI VASEN"
"5041";"TAKAVALO VASEN"
"5044";"TAKAVALOKOTELON SISÄOSA OIKEA"
"5043";"TAKAVALOKOTELON SISÄOSA VASEN"
"5052";"TAKAVALON LASI OIKEA"
"9671";"TAKAVALON LASI MP"
"5051";"TAKAVALON LASI VASEN"
"5049";"TAKAVALON POLTIN PIDIN LUUKKU"
"5053";"TAKAVALON KEHYS"
"5010";"TAKAKANSI SEDAN"
"5013";"TAKAKANSI HB/LB/COUPE"
"5015";"TAKAKANSI FARMARI/TILA-AUTO"
"5023";"TAKAKANSI ALAOSA"
"4574";"TAKAKANSI AUKAISUVAIJERI"
"5022";"TAKAKANSI YLÄOSA"
"5012";"TAKAKANNEN SARANA OIKEA"
"5011";"TAKAKANNEN SARANA VASEN"
"4603";"TAKAKANNEN KAHVA SISÄPUOLI"
"5020";"TAKAKANNEN KAHVA ULKOPUOLI"
"5007";"TAKAKANNEN MOOTTOROITU AUKAISM"
"5099";"KORIN TAKAOSA MUUT"
"5095";"KORIN TAKAOSA"
"5096";"KORIN TAKAOSA + KATTO"
"7124";"TAKAKELKKA/KIINNITYSPALKKI"
"5055";"TAKALASI"
"4641";"TAKALASIN PEITELISTA"
"4642";"TAKALASIN KUMILISTA"
"3198";"TAKALASIN RITILÄ"
"9547";"TAKALOKASUOJA TAKA MP"
"9546";"TAKALOKASUOJA ETU MP"
"9545";"TAKALOKASUOJA TÄYDELLINEN MP"
"9548";"TAKA TARTUNTAKAHVA MP"
"7107";"TAKASILLAN RAJOITINKUMI"
"7199";"TAKASILTA MUUT"
"7145";"TASAUSPYÖRÄSTÖ TAKA"
"7277";"TASAPAINOAKSELI"
"7288";"TASAPAINOTUSAKSELIN PESÄ"
"7490";"AKKU"
"7831";"AKKUKAAPELI"
"2115";"AKKULATURI"
"7830";"AKKULAATIKKO/KIINNIKE/PIDIN"
"7833";"AKKULATURI HYBRIDI"
"4604";"POLTTOAINEHANA AUTO"
"5064";"POLTTOAINEHANA MP"
"3218";"POLTTOAINEMITTARI MP"
"7850";"BENSIINILÄMMITIN"
"9032";"MAKSUKEHOITUS"
"3131";"LASTEN TURVAISTUIN"
"2";"KUVA"
"9015";"VARAOSA LÄHETTEEN MUKAAN"
"9010";"VARAOSA MUUT"
"7455";"AJONEUVOHÄLYTIN"
"2105";"AUTOSHAMPOO"
"2999";"AUTOTARVIKKEET MUUT"
"2101";"AUTOVAHA"
"4578";"VILKKU SIS.OSA/KOTEL. TAKA OIK"
"4577";"VILKKU SIS.OSA/KOTEL. TAKA VAS"
"1036";"VILKKU SIS.OSA/KOTEL. ETU OIK."
"1035";"VILKKU SIS.OSA/KOTEL. ETU VAS."
"4605";"VILKKUVALO TÄYD. TAKA OIKEA"
"9674";"VILKKUVALO TÄYD. TAKA OIKEA MP"
"4606";"VILKKUVALO TÄYD. TAKA VASEN"
"9673";"VILKKUVALO TÄYD. TAKA VASEN MP"
"1032";"VILKKUVALO ETU OIKEA"
"1031";"VILKKUVALO ETU VASEN"
"9452";"PERUUTUSVAIHDE MOOTTORIKELKKA"
"9672";"TAKAVALON TELINEN MP/MOOTTORIKELKKA"
"4626";"NÄYTTÖ"
"1028";"VILKKUVALO SIVU OIKEA"
"1029";"VILKKUVALO SIVU VASEN"
"4580";"VILKKUVALON LASI TAKA OIKEA"
"9676";"VILKKUVALON LASI TAKA OIKEA MP"
"4579";"VILKKUVALON LASI TAKA VASEN"
"9675";"VILKKUVALON LASI TAKA VASEN MP"
"1034";"VILKKUVALON LASI ETU OIKEA"
"1033";"VILKKUVALON LASI ETU VASEN"
"9678";"VILKKUVALON  KOT. TAKA OIKEA MP"
"9677";"VILKKUVALON KOT. TAKA VASEN MP"
"1080";"VILKKU KEHYS OIKEA"
"1079";"VILKKU KEHYS VASEN"
"7016";"HINAUSSILMUKKA"
"7699";"JARRUT MUUT"
"7601";"JARRUPÄÄSYLINTERI"
"7606";"JARRUVAROITUSVENTTIILI"
"7609";"JARRUT PYÖRÄSYLINTERI"
"7608";"JARRUPAINESÄILIÖ"
"7628";"JARRUKENKÄ KÄSIJARRU"
"7143";"MOOTTORI SÄHKÖINEN TAKA"
"7627";"JARRUKENKÄ"
"2041";"JARRUPALA TAKA"
"2040";"JARRUPALA ETU"
"7634";"JARRU JAKOVENTIILI"
"7635";"JARRUPAINESÄÄDIN"
"5039";"JARRUVALO"
"7603";"JARRUVALOKATKAISIN"
"7622";"JARRUSATULA TAKA OIKEA"
"9649";"JARRUSATULA TAKA MP"
"7621";"JARRUSATULA TAKA VASEN"
"7612";"JARRUSATULA ETU OIKEA"
"7611";"JARRUSATULA ETU VASEN"
"9457";"JARRUSATULA MOOTTORIKELKKA"
"2126";"JARRUSATULAN VÄRI"
"7624";"JARRUSATULAN PIDIN"
"7506";"POLJIN JARRU ASENTO TUNNISTIN"
"7604";"JARRUPUTKI/LETKU"
"7605";"JARRUTEHOSTIN"
"7607";"JARRUTEHOSTIN TAKAISKUVENTIILI"
"7620";"JARRULEVY TAKA"
"9648";"JARRULEVY TAKA OIKEA MP"
"9647";"JARRULEVY TAKA VASEN MP"
"7610";"JARRULEVY ETU"
"9646";"JARRULEVY ETU OIKEA MP"
"9645";"JARRULEVY ETU VASEN MP"
"9458";"JARRULEVY MOOTTORIKELKKA"
"7146";"JARRUKILPI TAKA"
"7026";"JARRUKILPI ETU"
"7619";"JARRUTANKO TAKA MP"
"7618";"JARRUTANKO ETU MP"
"7625";"JARRURUMPU TAKA"
"7614";"JARRURUMPU ETU"
"7626";"JARRUVAIJERI"
"2006";"JARRUNESTE"
"7602";"JARRUNESTESÄILIÖ"
"7613";"JARRUNESTESÄILIÖN KORKKI"
"7238";"POLTTOAINEEN ESILÄMMITYSVENTT."
"5079";"POLTTOAINEEN ESILÄMMITIN"
"7250";"POLTTOAINERUISKUTUSPUMP. BENS."
"9455";"TELA MUUT OSAT MOOTTORIKELKKA"
"9454";"TELA MOOTTORIKELKKA"
"9511";"JARRUKAHVA MP/MOOTTORIKELKKA"
"7252";"POLTTOAINERUISKUTUSPUMP. DIES."
"5057";"POLTTOAINEEN AKTIIVIHIILISÄIL"
"2001";"POLTTOAINESUODATIN"
"7234";"POLTTOAINESUODATIN/JALKA"
"4654";"POLTTOAINEEN JÄÄHDYTIN"
"7236";"POLTTOAINEPUMPPU SÄHKÖ/KAASUT."
"7802";"POLTTOAINAPUMPUN KIINNIKE"
"7235";"POLTTOAINEPUMPPU MEKAANINEN"
"5059";"POLTTOAINES. TÄYTTÖPUTKI/LETKU"
"5018";"POLTTOAINES. TÄYTTÖLUUK. KANSI"
"5063";"POLTTOAINES. LAIPPA EI ANTURIA"
"5060";"POLTTOAINESÄILIÖ"
"5062";"POLTTOAINESÄILIÖ DIESEL"
"5067";"POLTTOAINESÄILIÖ KAASU"
"5061";"POLTTOAINESÄILIÖ RUISKU"
"5078";"POLTTOAINESÄILIÖN SUODATIN"
"5066";"POLTTOAINESÄILIÖN SUOJAPELTI"
"4529";"POLTTOAINES. TÄYTTÖLUUKUN VAIJ"
"5058";"POLTTOAINESÄILIÖN VANNE"
"5019";"POLTTOAINESÄILIÖN KORKKI"
"7122";"TUKIVARSI TAKA OIKEA"
"7120";"TUKIVARSI TAKA VAS/0IK."
"7121";"TUKIVARSI TAKA VASEN"
"7128";"YLÄTUKIVARSI TAKA OIK."
"7127";"YLÄTUKIVARSI TAKA VAS."
"7014";"ALATUKIVARSI ETU OIKEA"
"7013";"ALATUKIVARSI ETU VASEN"
"7012";"YLÄTUKIVARSI ETU OIKEA"
"7011";"YLÄTUKIVARSI ETU VASEN"
"7004";"ETUTUKIVARREN TANKO OIKEA"
"7003";"ETUTUKIVARREN TANKO VASEN"
"3063";"KANGASKATON MOOTTORI"
"3061";"KANGASKATTO"
"4627";"CD-VAIHTAJA"
"7489";"CDI-BOXI MP"
"7428";"KESKUSL. ALIPAINEPUMPPU"
"4607";"KESKUSL. TUNNISTIN LUKOSSA"
"7433";"KESKUSL. MOOTT. TAKAKANSI"
"7434";"KESKUSL. MOOTT. PA-SÄIL. KANSI"
"7429";"KESKUSL. MOOTT. PÄÄ. ALIPAINE"
"7432";"KESKUSL. MOOTTORI OIKEA"
"7431";"KESKUSL. MOOTTORI VASEN"
"7424";"KESKUSLUKITUSSARJA"
"9587";"KESKITUKI MP"
"7739";"RIKASTIMEN VIPU MP"
"7738";"RIKASTINVAIJERI"
"3203";"TUPAKANSYTYTIN"
"7707";"TURBIINI AUTOM."
"7855";"SISÄTILALÄMMITIN JOHTO"
"5071";"POLKUPYORÄTELINE"
"9459";"SYLINTERI/MÄNTÄ MP/MOOTTORIKELKKA"
"8021";"HUURTEENPOISTOLETKU"
"1";"PURKUAUTO"
"7852";"DIESELLÄMMITIN"
"9190";"KOKO 000-10"
"9192";"KOKO 000-12"
"9193";"KOKO 000-13"
"9194";"KOKO 000-14"
"9195";"KOKO 000-15"
"9196";"KOKO 000-16"
"9197";"KOKO 000-17"
"9211";"KOKO 000X18"
"9212";"KOKO 000X19"
"9213";"KOKO 000X20"
"9214";"KOKO 000X21"
"9215";"KOKO 000X22"
"4515";"KOKO 000-23"
"4516";"KOKO 000-24"
"4517";"KOKO 000-25"
"4518";"KOKO 000-26"
"4519";"KOKO 000-27"
"4520";"KOKO 000-28"
"9270";"KOKO 135/70-13"
"9110";"KOKO 135-13"
"9108";"KOKO 145/70-13"
"9100";"KOKO 145-10"
"9105";"KOKO 145-12"
"9111";"KOKO 145-13"
"9130";"KOKO 145-14"
"9150";"KOKO 145-15"
"9239";"KOKO 155/65-13"
"9258";"KOKO 155/65-14"
"9120";"KOKO 155/70-13"
"9106";"KOKO 155-12"
"9112";"KOKO 155-13"
"9131";"KOKO 155-14"
"9151";"KOKO 155-15"
"9300";"KOKO 165/60-13"
"9117";"KOKO 165/65-13"
"9145";"KOKO 165/65-14"
"9121";"KOKO 165/70-13"
"9139";"KOKO 165/70-14"
"9269";"KOKO 165/80-13"
"9113";"KOKO 165-13"
"9132";"KOKO 165-14"
"9152";"KOKO 165-15"
"9250";"KOKO 175/60-13"
"9291";"KOKO 175/60-15"
"9126";"KOKO 175/65-13"
"9146";"KOKO 175/65-14"
"9290";"KOKO 175/65-14C"
"9286";"KOKO 175/65-15"
"9122";"KOKO 175/70-13"
"9140";"KOKO 175/70-14"
"9154";"KOKO 175/70-15"
"9114";"KOKO 175-13"
"9116";"KOKO 175-13 RF"
"9133";"KOKO 175-14"
"9179";"KOKO 175-15"
"9187";"KOKO 180/65-390 P6"
"9271";"KOKO 185/55-13"
"9201";"KOKO 185/55-14"
"9168";"KOKO 185/55-15"
"9125";"KOKO 185/60-13"
"9147";"KOKO 185/60-14"
"9223";"KOKO 185/60-15"
"9119";"KOKO 185/65-13"
"9165";"KOKO 185/65-14"
"9155";"KOKO 185/65-15"
"9123";"KOKO 185/70-13"
"9141";"KOKO 185/70-14"
"9178";"KOKO 185/70-15"
"9164";"KOKO 185/75-14"
"9268";"KOKO 185/75-16"
"9115";"KOKO 185-13"
"9134";"KOKO 185-14"
"9180";"KOKO 185-14 8C"
"9129";"KOKO 185-14 RF"
"9186";"KOKO 185-15"
"9188";"KOKO 190/65-390"
"9292";"KOKO 195/45-16"
"9297";"KOKO 195/45-17"
"9176";"KOKO 195/50-15"
"9204";"KOKO 195/50-16"
"9109";"KOKO 195/55-13"
"9101";"KOKO 195/55-15"
"9232";"KOKO 195/55-16"
"9148";"KOKO 195/60-14"
"9171";"KOKO 195/60-15"
"9241";"KOKO 195/60-16"
"9138";"KOKO 195/65-14"
"9156";"KOKO 195/65-15"
"9262";"KOKO 195/65-16"
"9118";"KOKO 195/70-13"
"9142";"KOKO 195/70-14"
"9166";"KOKO 195/70-15"
"9144";"KOKO 195/70-15 C"
"9252";"KOKO 195/75-14"
"9210";"KOKO 195/75-16"
"9136";"KOKO 195-14"
"9181";"KOKO 195-14 8C"
"9299";"KOKO 195-15"
"9189";"KOKO 200/60-390"
"9249";"KOKO 205/40-17"
"9233";"KOKO 205/45-16"
"9296";"KOKO 205/45-17"
"9177";"KOKO 205/50-15"
"9103";"KOKO 205/50-16"
"9237";"KOKO 205/50-17"
"9157";"KOKO 205/55-15"
"9163";"KOKO 205/55-16"
"9124";"KOKO 205/60-13"
"9149";"KOKO 205/60-14"
"9167";"KOKO 205/60-15"
"9265";"KOKO 205/60-16"
"9172";"KOKO 205/65-15"
"9173";"KOKO 205/65-15 RF"
"9266";"KOKO 205/65-16"
"9198";"KOKO 205/70-13"
"9143";"KOKO 205/70-14"
"9174";"KOKO 205/70-15"
"9175";"KOKO 205/70-15 C"
"9202";"KOKO 205/75-15"
"9162";"KOKO 205/75-16"
"9277";"KOKO 205/80-16"
"9135";"KOKO 205-14"
"9182";"KOKO 205-14 8C"
"9183";"KOKO 205-16"
"9185";"KOKO 205-16 8C"
"9184";"KOKO 205-16 RF"
"9247";"KOKO 215/35-18"
"9273";"KOKO 215/40-16"
"9225";"KOKO 215/40-17"
"9287";"KOKO 215/40-18"
"9107";"KOKO 215/45-17"
"9245";"KOKO 215/50-17"
"9209";"KOKO 215/55-16"
"9253";"KOKO 215/55-17"
"9310";"KOKO 215/55-18"
"9220";"KOKO 215/60-15"
"9240";"KOKO 215/60-16"
"9307";"KOKO 215/60-17"
"9203";"KOKO 215/65-15"
"9230";"KOKO 215/65-16"
"9279";"KOKO 215/70-15"
"9281";"KOKO 215/70-16"
"9298";"KOKO 215/75-14"
"9260";"KOKO 215/75-15"
"9229";"KOKO 215/75-16"
"9199";"KOKO 215-14 C"
"9224";"KOKO 225/35-17"
"9248";"KOKO 225/35-18"
"9274";"KOKO 225/40-16"
"9234";"KOKO 225/40-18"
"9246";"KOKO 225/45-16"
"9226";"KOKO 225/45-17"
"9311";"KOKO 225/45-18"
"9330";"KOKO 225/45-19"
"9169";"KOKO 225/50-15"
"9170";"KOKO 225/50-16"
"9228";"KOKO 225/50-17"
"9222";"KOKO 225/55-15"
"9205";"KOKO 225/55-16"
"9285";"KOKO 225/55-17"
"9221";"KOKO 225/60-15"
"9255";"KOKO 225/60-16"
"9302";"KOKO 225/60-17"
"9301";"KOKO 225/60-18"
"9243";"KOKO 225/65-16"
"9263";"KOKO 225/65-16C"
"9327";"KOKO 225/65-17"
"9102";"KOKO 225/70-15"
"9104";"KOKO 225/70-16"
"9158";"KOKO 225/75-15"
"9328";"KOKO 235/35-20"
"9313";"KOKO 235/35-19"
"9227";"KOKO 235/40-17"
"9235";"KOKO 235/40-18"
"9208";"KOKO 235/45-17"
"9317";"KOKO 235/45-18"
"9276";"KOKO 235/50-18"
"9289";"KOKO 235/55-17"
"9219";"KOKO 235/55-18"
"9231";"KOKO 235/60-16"
"9282";"KOKO 235/60-17"
"9306";"KOKO 235/60-18"
"9314";"KOKO 235/65-16C"
"9254";"KOKO 235/65-17"
"9127";"KOKO 235/70-16"
"9159";"KOKO 235/75-15"
"9242";"KOKO 245/35-17"
"9303";"KOKO 245/35-19"
"9329";"KOKO 245/40-17"
"9304";"KOKO 245/40-18"
"9272";"KOKO 245/45-16"
"9326";"KOKO 245/45-17"
"9264";"KOKO 245/45-18"
"9283";"KOKO 245/55-17"
"9305";"KOKO 245/65-17"
"9238";"KOKO 245/70-16"
"9244";"KOKO 245/70-17"
"9308";"KOKO 245/75-16"
"9206";"KOKO 250/60-16"
"9259";"KOKO 255/35-18"
"9275";"KOKO 255/35-19"
"9309";"KOKO 255/40-16"
"9315";"KOKO 255/40-18"
"9288";"KOKO 255/45-17"
"9251";"KOKO 255/45-18"
"9261";"KOKO 255/55-18"
"9267";"KOKO 255/60-17"
"9331";"KOKO 255/60-18"
"9280";"KOKO 255/65-16"
"9316";"KOKO 255/65-17"
"9325";"KOKO 255/70-15"
"9312";"KOKO 255/70-16"
"9236";"KOKO 265/35-18"
"9332";"KOKO 265/65-17"
"9256";"KOKO 265/70-15"
"9257";"KOKO 265/70-17"
"9207";"KOKO 265/75-16"
"9284";"KOKO 275/40-20"
"9278";"KOKO 275/70-16"
"9160";"KOKO 6.00-16"
"9161";"KOKO 6.50-16"
"9153";"KOKO 6.70-15"
"1030";"SUMUVALOT/HUOMIOVALOT"
"1091";"LISÄVALO TELINE/KAARI"
"7845";"NOSTURI/TUNKKI"
"5070";"VETOKOUKKU"
"5072";"VETOKOUKKU SÄHKÖSARJA"
"9460";"TAKARATAS MP/MOOTTORIKELKKA"
"9601";"TAKARATTAAN PIDIN MP"
"9600";"TAKARATTAAN SUOJUS MP"
"9602";"TAKARATTAAN LEVY MP"
"7112";"VETOAKSELI TAKA OIKEA"
"7110";"VETOAKSELI TAKA VAS/OIK."
"7111";"VETOAKSELI TAKA VASEN"
"7123";"VETOAKSELIN SUOJAKUMI"
"7052";"VETOAKSELI ETU OIKEA"
"7050";"VETOAKSELI ETU VAS/OIK"
"7051";"VETOAKSELI ETU VASEN"
"7117";"VETOAKS. TAPPI TAKA ULOMPI"
"7049";"VETOAKS. TAPPI ETU ULOMPI"
"7113";"VETOAKSELIN NIVEL TAKA"
"7053";"VETOAKSELIN NIVEL ETU SISEMPI"
"7054";"VETOAKSELIN NIVEL ETU ULOMPI"
"7740";"VETOHIHNA"
"4638";"DVD-SOITIN"
"7808";"DVD KATTOKIINNITYS"
"7818";"DVD/BLU-RAY KÄYTTÖOHJEET"
"7155";"RENKAAT"
"9623";"RENGAS TAKA MP"
"9622";"RENGAS ETU MP"
"3002";"OVI OIKEA 2D"
"3001";"OVI VASEN 2D"
"3014";"OVI TAKA OIKEA"
"5017";"OVI PERÄOVI OIKEA"
"5016";"OVI PERÄOVI VASEN"
"3013";"OVI TAKA VASEN"
"1110";"OVI KORISTELISTA TAKA OIKEA"
"1109";"OVI KORISTELISTA TAKA VASEN"
"1108";"OVI KORISTELISTA ETU OIKEA"
"1107";"OVI KORISTELISTA ETU VASEN"
"3012";"OVI ETU OIKEA"
"3011";"OVI ETU VASEN"
"3022";"OVEN KUMILISTA"
"3072";"OVI LIUKUSIVUOVI OIKEA"
"3071";"OVI LIUKUSIVUOVI VASEN"
"4602";"ETUOVEN TUULETUSIKKUNA SALPAL."
"3021";"ETUOVEN TUULETUSIKKUNA + KEHYS"
"3029";"OVILOKERO"
"3003";"OVEN SARANA"
"3008";"OVEN ULKOKAHVA OIKEA"
"3007";"OVEN ULKOKAHVA VASEN"
"3112";"OVIVERHOUS OIKEA"
"4522";"OVIVERHOUKSEN KORISTEET OIKEA"
"4521";"OVIVERHOUKSEN KORISTEET VASEN"
"3111";"OVIVERHOUS VASEN"
"3015";"OVEN RAJOITIN"
"3006";"OVILASI 2D OIKEA"
"3005";"OVILASI 2D VASEN"
"3019";"OVILASI TAKA OIKEA"
"3068";"TAKAOVEN PIKKULASI OIKEA"
"3067";"TAKAOVEN PIKKULASI VASEN"
"3070";"OVILASI PERÄOVI OIKEA"
"3069";"OVILASI PERÄOVI VASEN"
"3018";"OVILASI TAKA VASEN"
"3017";"OVILASI ETU OIKEA"
"3066";"ETUOVEN PIKKULASI OIKEA"
"3065";"ETUOVEN PIKKULASI VASEN"
"3016";"OVILASI ETU VASEN"
"3020";"OVILASIN KEHYS"
"3116";"OVEN AUKAISUKAHVA SISÄ OIKEA"
"3115";"OVEN AUKAISUKAHVA SISÄ VASEN"
"3028";"OVENAVAAJA AUTOMAATTINEN"
"7203";"EGR JALKA"
"7216";"EGR PUTKI"
"7212";"EGR OHJAUSVENTTIILI"
"7214";"EGR ALIPAINETEHOSTIN"
"7215";"EGR VENTTIILI"
"7499";"SÄHKÖ MUUT"
"1013";"MERKKI"
"8005";"PAISUNTASÄILIÖ"
"8006";"PAISUNTASÄILIÖN KORKKI"
"1025";"LISÄVALO"
"1016";"LISÄVALO /KIINNIKE"
"7496";"VAKIONOPEUSSÄÄTIMEN ANTURI"
"7497";"VAKIONOPEUSSÄÄTIMEN KÄYTTÖKYT."
"7495";"VAKIONOPEUSSÄÄTIMEN MOOTTORI"
"7105";"JOUSI TAKA"
"7106";"LEHTIJOUSI TAKA"
"7015";"JOUSI ETU"
"7027";"LEHTIJOUSI ETU"
"7100";"JOUSISARJA"
"7029";"JOUSITUS VÄÄNTÖVARSI"
"7102";"JOUSIJALKA TAKA OIKEA"
"7103";"JOUSIJALKA TAKA VAS/OIK."
"7101";"JOUSIJALKA TAKA VASEN"
"7022";"JOUSIJALKA ETU OIKEA"
"7020";"JOUSIJALKA ETU VAS/OIK"
"7021";"JOUSIJALKA ETU VASEN"
"7104";"JOUSIJALAN LAAKERI TAKA"
"7028";"JOUSIJALAN LAAKERI ETU"
"7074";"JOUSIJALAN TUKIVARSI"
"7134";"JOUSIPAKAN TAKAKORVA"
"7133";"JOUSIPAKAN ETUKORVA"
"7109";"JOUSIKUPPI TAKA"
"7017";"JOUSIKUPPI ETU"
"7067";"JOUSITUS HYDR.KELLO TAKA"
"7066";"JOUSITUS HYDR.KELLO ETU"
"7065";"JOUSITUS HYDRAULIPUMPPU"
"7068";"JOUSITUS HYDRAULISÄÄDIN ETU"
"7069";"JOUSITUS HYDRAULISÄÄDIN TAKA"
"7072";"JOUSITUS ÖLJYMÄÄRÄSÄÄDIN"
"3053";"LAVA"
"3052";"LAVAKATE/KUOMU"
"3055";"LAVAN PERÄLAUTA"
"930";"AJONEUVOT MP/MOPOAUTO/MOPO"
"931";"AJON. HENK.AUTOT/PAKETTIAUT."
"932";"AJONEUVOT LUMIKELKKA/MÖNKÄRIT"
"933";"AJONEUVOT RASKAS KALUSTO >3,5 t"
"934";"AJON. MUSEO/HARRASTEAJON."
"944";"AJONEUVOT MUUT"
"9574";"JALKATAPPI TAKA OIK. MP"
"9573";"JALKATAPPI TAKA VAS. MP"
"9572";"JALKATAPPI ETU OIK. MP"
"9571";"JALKATAPPI ETU VAS. MP"
"9582";"JALKATAPIN KIINN.LEVY TAKA OIK."
"9580";"JALKATAPIN KIINN.LEVY TAKA MP"
"9581";"JALKATAPIN KIINN.LEVY TAKA VAS."
"9578";"JALKATAPIN KIINN.LEVY ETU OIK."
"9576";"JALKATAPIN KIINN.LEVY ETU MP"
"9577";"JALKATAPIN KIINN.LEVY ETU VAS."
"9575";"FOTPINNE/FÄSTE MC"
"9584";"JALKASUOJUS OIK.MP"
"9583";"JALKASUOJUS VAS. MP"
"3095";"ASTINLAUTA"
"9537";"ETULOKASUOJA TAKIMMAINEN MP"
"9536";"ETULOKASUOJA ETUMAINEN MP"
"9535";"ETULOKASUOJA TÄYD. MP"
"9538";"ETULOKASUOJAN KAHVA MP"
"7001";"ETUKELKKA /ETUAKSELI"
"7034";"ETUAKSELIN RAJOITINKUMI"
"7070";"TASAUSPYÖRÄSTÖ ETU"
"7002";"ETUAKSELIN PALKKIIN KIINNIKE"
"7099";"ETUAKSELISTO MUUT"
"7005";"ETUPALKKI"
"7748";"KYTKINYKSIKKÖ"
"960";"VAPAAIKA VENEET"
"963";"VAPAAIKA HUVILA"
"9506";"VALOKATKAISIN OIK. MP/MOOTTORIKELKKA"
"9505";"VALOKATKAISIN VAS. MP/MOOTTORIKELKKA"
"9099";"MUUT AUTONOSAT"
"962";"VAPAA. ASUNTOAUTO/ASUNTOVAUNU"
"964";"VAPAAIKA PUUTARHA"
"961";"VAPAAIKA VESISKOOTTERI"
"974";"VAPAAIKA MUUT"
"1007";"ETUKANSI LUKKOPELTI/PALKKI"
"1099";"KORIN ETUOSA MUUT"
"1004";"KORIN ETUOSA ILM. RINTAP."
"1095";"KORIN ETUOSA SIS. RINTAP."
"1096";"KORIN ETUOSA + KATTO"
"1005";"ETUPELTI"
"1018";"ETUPELTI ALA"
"1017";"ETUPELTI YLÄ"
"2015";"ETUSUOJUS"
"7036";"VANNE ALUMIINI"
"9625";"VANNE TAKA MP"
"9624";"VANNE ETU MP"
"7035";"VANNE PELTI"
"7038";"VANNESARJA ALUMIINI"
"7037";"VANNESARJA PELTI"
"1710";"AJOPIIRTURI"
"2127";"VÄRI MUU"
"9463";"OHJAUSTANGON KIINNIKE MP/MOOTTORIK."
"3024";"LASINNOSTIN SÄHKÖINEN"
"7423";"LASINNOSTINSARJA MANUAALI"
"3023";"LASINNOSTIN MEKAANINEN"
"3025";"LASINNOSTIMEN MOOTTORI"
"3118";"LASINNOSTIMEN VEIVI"
"7225";"VIRRANJAOITIN"
"7075";"VIRRANJAKAJAN VÄLIAKSELI"
"7243";"VIRRANJAOITTIMEN KANSI"
"7289";"KAASUTIN/PALJE/PUTKI ILMANPUHD."
"7219";"KAASUTT. RUISKUTUSYKSIKKÖ"
"7209";"KAASUTINJALKA"
"7220";"KAASUTIN"
"4657";"POLTTOAINE SIIRTOPUMPPU SÄHKÖINEN"
"9630";"ETUHAARUKKA TÄYDELLINEN MP"
"9636";"HAARUKKAJALKA IRRALLINEN OIK.MP"
"9635";"HAARUKKAJALKA IRRALLINEN VAS. MP"
"9631";"ETUHAARUKAN T-KAPPALE TÄYD. MP"
"9633";"ETUHAARUKAN ALA T-KAPPALE MP"
"9632";"ETUHAARUKAN YLÄ T-KAPPALE MP"
"5014";"TAKAKANNEN KAASUJOUSI"
"1072";"ETUKANNEN KAASUJOUSI"
"7296";"KAASULÄPÄN VAIMENNIN"
"7744";"KAASUVIVUSTO"
"7736";"KAASUVAIJERI"
"7405";"LATURI AC/DC"
"7411";"GENERATOR/STARTMOTOR HYBRID"
"7801";"LATURIN KIINNIKE/LISÄLAITTEET"
"7501";"ANTURI KIIHTYVYYS"
"7491";"ANTURI RENGASPAINE"
"4645";"ANTURI KAASUPOLJIN"
"7464";"ANTURI NOPEUSMITTARI"
"4609";"ANTURI IMUILMAN LÄMPÖTILA"
"7502";"ANTURI KYTKINPOLJIN"
"8011";"ANTURI JÄÄHDYTTIMEN TUULETIN"
"7459";"ANTURI AHTOPAINE"
"7508";"ANTURI VALOJEN KORKEUSSÄÄTÖ"
"4648";"ANTURI PAISUNTASÄILIÖN VAHTI"
"4646";"ANTURI JARRUNESTEEN PINTAVAHTI"
"4647";"ANTURI JÄÄHD.NESTEEN PINTAVAHTI"
"4554";"ANTURI ÖLJYMÄÄRÄVAHTI"
"7462";"ANTURI ÖLJYPAINE"
"7503";"ANTURI RATIN ASENTOTUNNISTIN"
"7460";"ANTURI POLTTOAINESÄILIÖ"
"7461";"ANTURI LÄMPÖTILA"
"4541";"ANTURI  ÖLJYLÄMPÖTILA"
"7507";"ANTURI LÄMPÖ/PAINE PAKOKAASU"
"7276";"ANTURI ASENTOTUNNISTIN KAMPI/NOKKA"
"7504";"ANTURI ULKOLÄMPÖTILA"
"7494";"ANTURI MUUT"
"3056";"OVI SIVUOVEN LIUKUKISKO OIKEA"
"3057";"OVI SIVUOVEN LIUKUKISKO VASEN"
"2017";"GLYKOLI"
"2129";"HEHKULAMPPU MUUT"
"7281";"HEHKUTULPPA"
"7469";"VALOJEN HEHKULANKAVAHTI"
"7242";"PAKOSARJA"
"7241";"IMUSARJA"
"7240";"YHDISTETTY IMU/PAKOSARJA"
"1015";"SÄLEIKKÖ TÄYDELLINEN"
"1010";"SÄLEIKKÖ / RISTIKKO"
"1012";"SÄLEIKKÖ OIKEA"
"1019";"SÄLEIKKÖ KESKIOSA"
"1011";"SÄLEIKKÖ VASEN"
"1014";"SÄLEIKÖN KEHYS"
"7743";"KÄSIJARRUN JARRUKENKÄ"
"7741";"KÄSIJARRUN KAHVA"
"4524";"KÄSIJARRUN KAHVAN SUOJUS"
"7742";"KÄSIJARRUN VAIJERI"
"3212";"HANSIKASLOKERON VAIMENNIN"
"4610";"HANSIKASLOKERO SISÄOSA"
"3207";"HANSIKASLOKERO TÄYDELLINEN"
"3208";"HANSIKASLOKERON KANSI"
"3209";"HANSIKASLOKERON LUKKO"
"9564";"KAHVA MATKUSTAJA MP/MOOTTORIKELK."
"9508";"KAHVAN KATKAISIJAT OIK. MP"
"9507";"KAHVAN KATKAISIJAT VAS. MP"
"9464";"KAHVAN LÄMMITIN MP/MOOTTORIKELKKA"
"3060";"KOVAKATTO"
"1065";"POHJAPANSSARI PELTI/MUOVI"
"7735";"NOPEUSMITTARIN VAIJERI"
"3135";"HATTUHYLLY"
"4513";"HATTUHYLLY SIVUOSA OIKEA"
"4512";"HATTUHYLLY SIVUOSA VASEN"
"7150";"PYÖRÄ"
"9621";"PYÖRÄ TAKA MP"
"9509";"KAASUKAHVA MP/MOOTTORIKELKKA"
"9620";"PYÖRÄ ETU MP"
"7151";"VARARENGAS"
"9615";"TAKAPYÖRÄN AKSELI MP"
"9614";"ETUPYÖRÄN AKSELI MP"
"1068";"PYÖRÄKOTELO OIKEA"
"1067";"PYÖRÄKOTELO VASEN"
"2022";"PYÖRÄLAAKERI/SARJA"
"4535";"PYÖRÄLAAKERIPESÄ TAKA OIKEA"
"4534";"PYÖRÄLAAKERIPESÄ TAKA VASEN"
"7023";"PYÖRÄMUTTERI/PULTTI/SARJA"
"7258";"APUAKSELI/VÄLIAKSELI"
"3148";"SISUSTA KOIRAVERKKO/AITA/HÄKKI"
"9729";"MATKAILUV. ANTENNI"
"9720";"MATKAILUV. JÄTEVESITANKKI/SÄKKI"
"9714";"MATKAILUV. AKSELI"
"9746";"HUSV BAKLJUS LIKSIDIG"
"9747";"HUSV BAKLJUS VÄNSTER"
"9748";"HUSV BAKLJUS HÖGER"
"9713";"MATKAILUV. AKKULATURI"
"9738";"MATKAILUV. VALAISTUS"
"9707";"MATKAILUV. PÖYTÄ/TUKIJALAT"
"9744";"MATKAILUV. JARRURUMPU"
"9703";"MATKAILUV. KIERTOVESIPUMPPU"
"9711";"MATKAILUV. TYYNYT"
"9740";"MATKAILUV. OVI"
"9733";"MATKAILUV. SÄHKÖVASTUS"
"9719";"MATKAILUV. JUOMAVESITANKKI"
"9749";"HUSV FÖNSTER KASSETT"
"9750";"HUSV FÖNSTER MED GUMMILIST"
"9751";"HUSV FÖNSTER HÄNGFÖNSTER"
"9725";"MATKAILUV. KAASUPULLOVENTTIILI"
"9727";"MATKAILUV. KAASUHANA/VENTTIILI"
"9726";"MATKAILUV. KAASUPUTKI/LETKU"
"9724";"MATKAILUV. KAASUPUTKI"
"1069";"ETUKANNEN VAIJERI/KAHVA"
"9757";"HUSV INREDNING ÖVRIGT"
"9758";"HUSV KAROSS ÖVRIGT"
"9721";"MATKAILUV. TAVARASÄILIÖ/LUUKKU"
"9743";"MATKAILUV. TÄYDELLINEN ALUSTA"
"9716";"MATKAILUV. VETOKUULAN SUOJUS"
"9709";"MATKAILUV. JÄÄKAAPPI"
"9710";"MATKAILUV. LIESITUULETIN"
"9731";"MATKAILUV. ILMASTOINTILAITE/AC"
"9741";"MATKAILUV. LUKKO"
"9718";"MATKAILUV. OHJAUSPANEELI"
"9762";"HUSV MARKIS TILLBEHÖR"
"9715";"MATKAILUV. TYÖNTÖJARRU"
"9706";"MATKAILUV. KAAPPI/LUUKKU"
"9760";"MATKAILUV. LIESI"
"9732";"MATKAILUV. TIKKAAT/TAAKKATELINE"
"9723";"MATKAILUV. TUKIJALKA"
"9722";"MATKAILUV. TUKIPYÖRÄ"
"9756";"HUSV SÄKERHETSUTRUSTNING"
"9728";"MATKAILUV. VUODE"
"9730";"MATKAILUV. KATTOTUULETIN"
"9704";"MATKAILUV. KATTOLUUKKU"
"9752";"HUSV TILLBEHÖR KÖK"
"9753";"HUSV TILLBEHÖR TOALETT"
"9754";"HUSV TILLBEHÖR KAROSS"
"9759";"HUSV TILLBEHÖR KYLSKÅP"
"9755";"HUSV TILLBEHÖR ÖVRIGT"
"9712";"MATKAILUV. WC-KASETTI"
"9763";"HUSV TOA/FÖRVARINGS LUCKA"
"9739";"MATKAILUV. PORRAS"
"9717";"MATKAILUV. TELTTA/TELTTATANGOT"
"9702";"MATKAILUV. VEDENLÄMMITIN"
"9761";"MATKAILUV. ALLAS"
"9737";"MATKAILUV. VESIHANA"
"9734";"MATKAILUV. VESIPUMPPU"
"9742";"MATKAILUV. VENTTIILI"
"9701";"MATKAILUV. LÄMMITYSLAITE"
"9735";"MATKAILUV. MUUT 12 V"
"9736";"MATKAILUV. MUUT 230 V"
"1070";"ETUKANSI"
"4533";"ETUKANNEN ILMANOTTO-OHJAIN"
"1064";"ETUKANNEN TURVALUKKO"
"1063";"ETUKANNEN TUKI"
"1071";"ETUKANNEN SARANA"
"7819";"ETUKANNEN ERISTE"
"1066";"ETUKANNEN LUKKO"
"7295";"HYBRIIDITURBIINI"
"7615";"HYDRAULIKONEISTO ASC"
"7754";"HYDR PUMP VAIHDEYKSIKKÖ"
"9026";"ROMUAUTON SÄILYTYSMAKSU"
"9025";"PERÄKÄRRYN VUOKRAUS"
"3051";"OHJAAMO PICKUP"
"9696";"HÄSTSLÄP BOMMAR"
"9698";"HÄSTSLÄP GALLER"
"9695";"HÄSTSLÄP MELLANVÄGG"
"9699";"HÄSTSLÄP SPARKSKYDD"
"9697";"HÄSTSLÄP SKÖTARDÖRR"
"7812";"KAIUTTIMET"
"4557";"KAIUTTIMEN RITILÄ"
"9466";"MERKKIVALO MP/MOOTTORIKELKKA"
"7273";"RUISKUTUS PA PAINESÄÄDIN"
"7298";"RUISKUTUS MUUT"
"4536";"RUISKU PA TAKAISKUVENT./SÄILIÖ"
"7253";"RUISKU POLTTOAINEJAKAJA"
"7272";"RUISKU KUMIPALJE/LETKU"
"7466";"RUISKU KYLMÄKÄYNN.VENT."
"7268";"RUISKU PA NAKUTUSTUNNISTIN"
"7463";"RUISKU LAMDATUNNISTIN"
"7247";"RUISKU ILMAMASSAMITTARI"
"7265";"RUISKU ILMAMÄÄRÄMITTARI"
"7264";"RUISKU IMUSARJAN PAINETUNN."
"7275";"RUISKU LÄPPÄKOTELO"
"7239";"RUISKU LÄPPÄKOTELON ANTURI"
"7251";"RUISKU POLTTOAINESUUTIN"
"4628";"RUISKU SUUTTIMEN KYTKENTÄVASTUS"
"7267";"RUISKU SUUTINPUTKI"
"7297";"RUISKU SUUTINPUTKI SARJA"
"7237";"RUISKU OHJAUSPAINEVENTT./LÄMPÖ"
"7248";"RUISKU LISÄILMALUISTI"
"7249";"RUISKU JOUTOKÄYNNINTASAAJA"
"3128";"SISÄVALOT"
"3140";"SISUSTA KATTOVERHOILU"
"3152";"SISUSTA TAVARATIL. VERH./LATTIA"
"3107";"SISUSTA IST. SÄÄTÖMOOTT. TAKA"
"3106";"SISUSTA IST. SÄÄTÖMOOTT.ETU"
"3133";"SISUSTA KYYNÄRNOJA"
"5008";"SISUSTA TAKAKANNEN VERHOILU"
"3147";"SISUSTA TAKAOSAN VERHOILU"
"3105";"SISUSTA TAKAISTUIN"
"3197";"SISUSTA KIINNIKE"
"3108";"SISUSTA LISÄISTUIN"
"3110";"SISUSTA TÄYDELLINEN"
"3138";"SISUSTA MATTO"
"3141";"SISUSTA KATTOLOKERO"
"3132";"SISUSTA NISKATUKI"
"3151";"SISUSTA A/B/C PILARIN VERHOILU"
"3104";"SISUSTA TAKAISTUIMEN SELKÄOSA"
"3146";"SISUSTA SIVUOSAN VERHOILU"
"3103";"SISUSTA TAKAISTUIMEN ISTUINOSA"
"3134";"SISUSTA TAKAOSAN SUKSITELINE"
"4539";"SISUSTA ETUPENKKI TÄYDELLINEN"
"4537";"SISUSTA ETUPENKKI SELKÄOSA"
"4538";"SISUSTA ETUPENKKI ISTUINOSA"
"3109";"SISUSTA TAKAPENKKI"
"3102";"SISUSTA ETUISTUIN OIKEA"
"3101";"SISUSTA ETUISTUIN VASEN"
"3100";"SISUSTA ISTUINSARJA TÄYD"
"3154";"SISUSTA ISTUINLOKERO"
"3117";"SISUSTA ISTUINKEHIKKO"
"3153";"SISUSTA KYNNYS/KYNNYSSUOJUS"
"3155";"SISUSTA KESKIKONSOLILOKERO"
"3199";"SISUSTA MUUT"
"3205";"KOJELAUDAN PEHMUSTE"
"3217";"MITTARI ALIP./TALOUDELL./AHTOP"
"7820";"KÄSIKIRJA"
"3227";"MITTARISTO VIRTA/AMPEERI"
"3222";"MITTARISTO PA. / LÄMPÖ"
"7452";"MITTARISTO AJOTIETOKONE"
"3235";"GPS NAVIGAATTORI"
"3221";"MITTARISTO NOPEUS"
"3201";"MITTARISTO KOTELO MP"
"3228";"MITTARISTO KELLO"
"3220";"MITTARISTO TÄYDELLINEN"
"4585";"MITTARISTO KALLISTUKSENOSOITIN"
"3225";"MITTARISTO ÖLJYNLÄMPÖ/PAINE"
"3223";"MITTARISTO LÄMPÖTILA"
"3230";"MITTARISTO MONITOIMINÄYTTÖ"
"3224";"MITTARISTO KIERROSLUKU"
"3226";"MITTARISTO JÄNNITE/VOLTTI"
"3219";"MITTARISTO ULKOLÄMPÖTILA"
"3299";"MITTARISTO MUUT"
"3206";"KOJELAUTA RADIO KEHYS"
"3251";"KOJELAUTA"
"4601";"KOJELAUTA/ POTKUSUOJUS"
"4629";"KOJELAUTA SÄILYTYSLOKERO"
"4611";"KOJELAUTA LISÄKORISTEET"
"8022";"KOJELAUTA ILMANOHJAIMET"
"3229";"KESKIKONSOLI LATTIA"
"3210";"KESKIKONSOLI MITTARISTO"
"3204";"MITTARISTON KEHYS"
"5065";"IMUSARJAN KUMI MP"
"2060";"TIIVISTESARJA"
"9467";"IMUSARJAN ÄÄNENVAIMENNIN MP/ MOOTT."
"7869";"TAVARATILAN PEITE"
"7836";"INVERTTERI 12->220V"
"947";"SISUSTUS MYYMÄLÄ"
"948";"SISUSTUS OMAKOTITALO"
"949";"SISUSTUS HUVILA"
"945";"SISUSTUS TOIMISTO"
"946";"SISUSTUS VARASTO"
"959";"SISUSTUS MUUT"
"7400";"IR VASTAANOTIN"
"7430";"JOHTOSARJA"
"7223";"NOKKA-AKSELI"
"7224";"NOKKA-AKSELIKOTELO"
"2031";"JAKOPÄÄN KETJU"
"2030";"JAKOPÄÄN HIHNA"
"2029";"JAKOPÄÄN KETJU SARJA"
"4613";"JAKOPÄÄN KETJUN OHJAIN"
"4612";"JAKOPÄÄN KETJUN KIRISTIN"
"7232";"JAKOPÄÄN KOTELO"
"2080";"NOKKA AKSELIN SÄÄTÖVENTIILI"
"9613";"KARDAANIAKSELI MP"
"9616";"KARDAN SLUTVÄXEL MC"
"3090";"KORI"
"7860";"KATALYSAATTORI"
"9605";"KETJU MP"
"9606";"KETJUSUOJUS MP"
"9607";"KETJUNKIRISTIN MP"
"7282";"KÄYNNISTINPOLJIN MP"
"7156";"KM-VEROMITTARI"
"3062";"LEVIKESARJA"
"2039";"RISTINIVEL"
"4530";"AKTIIVIHIILISÄILIÖN VENTTIILI"
"7208";"MÄNTÄ/KIERTOKANKI"
"2078";"MÄNNÄT"
"2070";"MÄNNÄNRENGASSARJA"
"7500";"OHJAUSYKSIKKÖ MUKAVUUSASETUKSET"
"7154";"KOMPRESSORI PYÖRÄ"
"7254";"KOMPRESSORI HIHNAVETOINEN"
"7064";"KOMPR.ISKUNVAIM./JOUSITUS"
"3200";"MERKKIVALOPANEELI MP"
"7724";"KYTKINAKSELI"
"4630";"KYTKIN LETKU/PUTKI"
"4514";"KYTKIN PAINELEVY"
"7745";"KYTKIN  NESTESÄILIÖ"
"7729";"KYTKIN/KYTKINLEVY"
"7733";"KYTKINVARSI"
"7727";"KYTKIN PÄÄSYLINTERI"
"7728";"KYTKIN TYÖSYLINTERI"
"7726";"KYTKINVAIJERI"
"7401";"PIIRIKORTTI"
"7125";"POIKITTAISTANKO TAKA"
"7126";"KALLISTUKSENVAKAAJA TAKA"
"7006";"KALLISTUKSENVAKAAJA ETU"
"7073";"KALLISTUKSENVAKAAJAN KIINNIKE"
"7135";"KALLISTUKSENVAKAAJAN TUKITANKO ETU"
"7136";"KALLISTUKSENVAKAAJAN TUKITANKO TAKA"
"7806";"RAITISILMASUODATIN"
"4553";"KATTOKAHVA"
"9592";"JÄÄHDYTIN OIK. MP"
"9591";"JÄÄHDYTIN VAS. MP"
"8099";"JÄÄHDYSTYS/LÄMPÖ MUUT"
"8002";"JÄÄHDYTIN AUTOM."
"8001";"JÄÄHDYTIN MAN."
"4547";"JÄÄHDYTIN TÄYTTÖKORKKI"
"8003";"JÄÄHDYTIN KIINNITYSPALKKI"
"8014";"JÄÄHDYTTIMEN LETKUT"
"4614";"JÄÄHDYTT. LETKUJEN KIINN. MOOT"
"8013";"JÄÄHDYTTIMEN JAKOPUTKI"
"2016";"JÄÄHDYTYSNESTE"
"8010";"JÄÄHDYTTIMEN TUULETIN SÄHKÖ"
"8012";"JÄÄHDYTT. KIINIKE/LAAKERI"
"8016";"JÄÄHDYTTIMEN TUULETIN VISKO"
"8015";"JÄÄHDYTT. TUULETTIMEN SIIVET"
"1006";"JÄÄHDYTT. TUULETTIMEN KOTELO"
"2012";"JÄÄHDYTYSNESTE SUODATIN"
"9528";"KATE TAKA OIK. MP"
"9526";"KATE TAKA MP"
"9527";"KATE TAKA VAS. MP"
"9524";"KATE ETU OIK. MP"
"9523";"KATE ETU VAS. MP"
"9521";"KATE ETU MP"
"9530";"KATESPOILERI ETU MP"
"9532";"KATESPOILERI OIK. MP"
"9529";"KATESPOILERI MP"
"9531";"KATESPOILERI VAS. MP"
"9525";"KATERUNKO MP"
"7260";"VÄLIJÄÄHD./INTERCOOLERIN KENNO"
"7259";"VÄLIJÄÄHD./INTERCOOLERIN PUTKI"
"7399";"KAUKOSÄÄDIN HÄLYTIN/LUKITUS"
"3149";"KUORMAN KIRISTYSHIHNA"
"7639";"KUORMANTUNNISTIN"
"3098";"LAVAKAARI/RITILÄ"
"3150";"TAVARATILAN VÄLISEINÄ"
"3054";"LAVAKATTEEN SIVULUUKKU VAS./O"
"4510";"KAUKALOMATTO/SUOJA"
"4511";"KUORMAVERKKO"
"1103";"LISTA TAKA/TAKAKANSI"
"1100";"LISTA ETU/ETUKANSI/ETUPÄÄ"
"1106";"LISTA ETU LOKASUOJA OIKEA"
"1105";"LISTA ETU LOKASUOJA VASEN"
"1102";"LISTA OIKEA"
"4540";"LISTA LOKASUOJAN REUNA"
"1101";"LISTA VASEN"
"1009";"LISTA MUUT"
"2000";"ILMANSUODATIN"
"9469";"IMUAUKKO MP/MOOTTORIKELKKA"
"9470";"ILMAPUMPPU JOUSITUS MP/MOOTTORIK."
"7271";"ILMAPUMPPU/PAKOKAASUPUHD."
"7245";"ILMANPUHDISTIN"
"7246";"ILMALÄPPÄKOTELO/KAASULÄPPÄKOT."
"1120";"ILMANOHJAUS ETU"
"4650";"LUKKO/TÄYTTÖKANSI"
"4658";"LUKKO HARDTOP/CAB"
"5009";"LUKKO/TAKAKANNEN LUKKO"
"3004";"LUKKOSYLINTERI/SYLINTERIT"
"3010";"LUKKOLAITE/OVEN LUKKO"
"4575";"LUKKOPESÄ TAKAKANSI"
"3009";"LUKKOSARJA/OVET"
"7292";"AHTOPAINEEN MAGNEETTIVENTTIILI"
"918";"KONEET RAKENNUS"
"915";"KONEET URAKOINTI"
"919";"KONEET YMPÄRISTÖKONEET"
"916";"KONEET MATERIAALINKÄSITTELY"
"917";"KONEET KORJAAMO"
"929";"KONEET MUUT"
"9500";"MP MUUT OSAT"
"7115";"VÄLILAIPPA TAKA-AKSELI"
"7025";"VÄLILAIPPA ETUAKSELI"
"4584";"VÄLILAIPPA VAIHTEISTO"
"7713";"KARDAANIAKSELI TAKIMMAINEN"
"4523";"KARDAANIAKSELI PALKKI"
"7711";"KARDAANIAKSELI ETUMMAINEN"
"4615";"KARDAANIAKSELI ETUMMAINEN 4WD"
"7714";"KARDAANIAKSELI KUMINIVEL"
"7710";"KARDAANIAKSELI TÄYDELLINEN"
"7712";"KARDAANIAKSELI KESKIMMÄINEN"
"7709";"KARDAANIAKSELI TUKILAAKERI"
"7284";"LATURIN KÄÄMITYS MP"
"7722";"KARD.AKS. VINSSI/VOIM.ULOSOTTO"
"3099";"KESKIOSA MUUT"
"7813";"MATKAPUHELIN"
"7108";"VÄÄNTÖVARSI TAKA"
"7019";"VÄÄNTÖVARSI ETU"
"2019";"ASENNUSSARJA"
"7201";"MOOTTORI BENSIINI"
"7280";"MOOTTORI DIESEL"
"7293";"MOOTTORI OLJYPUTKI/LETKU"
"7299";"MOOTTORI MUUT"
"7007";"MOOTTORIPALKKI"
"7205";"MOOTTORILOHKO"
"7262";"MOOTTORIN KIINNIKEKORVAKE"
"7263";"MOOTTORIN KUMITYYNY"
"7200";"MOOTTORIN KOPPA"
"7286";"MOOTTORIKOPPA OIK. MP"
"7285";"MOOTTORIKOPPA VAS.MP"
"7853";"MOOTTORILÄMMITIN SÄHKÖ TÄYDELL"
"7857";"MOOTTORILÄMMITIN VASTUS"
"7854";"MOOTTORILÄMMITIN JOHTO"
"4505";"MOOTTORILÄMMITIN JOHDON KIINN."
"7856";"MOOTT.LÄMM. HAAROITUSKAPPALE"
"3211";"MUKITELINE"
"7116";"NAPA TAKA ILMAN LAAKERIA"
"7024";"NAPA ETU ILMAN LAAKERIA"
"7071";"NAPALUKKO"
"7033";"PÖLYKAPSELI"
"4652";"PÖLYKAPSELI SARJA"
"4503";"TASOTUNNISTIN"
"1075";"NESTETASOVAHTI PESIMEN SÄILIÖ"
"7805";"AVAIN/AVAIMET"
"2005";"VAIHTEISTOÖLJY AUTOMAATTIVAIHT"
"2008";"ÖLJY TAKA-AKSELISTON ÖLJY"
"2009";"ÖLJY JAKO LAATIKON"
"2007";"KAASUTINÖLJY"
"2003";"MOOTTORIÖLJY"
"4544";"ÖLJYN TÄYTTÖAUKON KORKKI"
"4545";"ÖLJYN TÄYTTÖAUKON PUTKI"
"2010";"OHJAUSTEHOSTIN ÖLJY"
"2004";"VAIHTEISTOÖLJY MANUAALIVAIHT."
"2002";"ÖLJYSUODATIN"
"7226";"ÖLJYSUODATTIMEN JALKA"
"4546";"ÖLJYSUOJUS"
"4543";"ÖLJYJÄÄHDYTIN AUTOMAATTIVAIHT."
"4631";"ÖLJYJÄÄHDYTIN TAKA-AKSELI"
"7227";"ÖLJYJÄÄHDYTIN MOOTTORI"
"4542";"ÖLJYJÄÄHDYTIN OHJAUSTEHOSTIN"
"4632";"ÖLJYPUMPPU TAKA-AKSELI"
"7228";"ÖLJYPUMPPU"
"7340";"ÖLJYPUMPPU MOOTTORI KETJU"
"4633";"ÖLJYPUMPPU VAIHDELAATIKKO"
"7870";"ÖLJYTIKKU"
"9474";"ÖLJYTANKKI MP/MOOTTORIKELKKA"
"7229";"ÖLJYPOHJA"
"7751";"MUUTOSSARJA AUTOM-MAN."
"7750";"MUUTOSSARJA MAN-AUTOM."
"2071";"TIIVISTEBOKSI"
"2064";"IMUSARJA/PAKOSARJATIIVISTE"
"2066";"PAKOPUTKEN TIIVISTE UUSI OSA"
"2087";"TIIVISTE TAKAAKSELI"
"2088";"TIIVISTE KAASUTIN"
"2065";"IMUSARJAPUTKEN TIIVISTE"
"2082";"PACKNING OLJE-LOCK/RÖR/PLUGG"
"2069";"ÖLJYPOHJAN TIIVISTE"
"2084";"TIIVISTE LÄPPÄKOTELO"
"2083";"TIIVISTE KANSI"
"2085";"TIIVISTE VESIPUMPPU"
"2067";"VENTTIILIKOPAN TIIVISTE"
"2086";"TIIVISTE VAIHDELAATIKKO"
"9557";"SIVULAUKKU/TELINE OIK. MP"
"9556";"SIVULAUKKU/TELINE VAS. MP"
"9558";"PACKVÄSKA - TOPPBOX SEP. MC"
"7746";"KÄSIJARRU SÄHKÖINEN"
"4526";"KÄSIJARRUASETELMA"
"4525";"KÄSIJARRU MUUT"
"5025";"TUNNISTIN PARKKITUTKA TAKA"
"5024";"TUNNISTIN PARKKITUTKA ETU"
"7631";"POLJIN JARRU"
"7629";"POLJIN KAASU"
"7737";"POLJIN KAASU/JARRU/KYTKIN"
"7632";"POLJIN KYTKIN"
"7630";"POLJINASETELMA"
"5046";"ÄÄRIVALO TAKA OIKEA"
"5045";"ÄÄRIVALO TAKA VASEN"
"1038";"ÄÄRIVALO ETU OIKEA"
"1037";"ÄÄRIVALO ETU VASEN"
"7218";"ILMAPUMPUN TAKAISKUVENTTIILI"
"7217";"ILMAPUMPUN PUTKI"
"7810";"RADIO"
"7816";"RADIO CD / KÄYTTÖPANEELI"
"7809";"RADIO JOHTOSARJA"
"7817";"RADIO MUUT"
"4634";"RADIO VAHVISTIN"
"4617";"RADIO KASETTI"
"3085";"RUNKO"
"2074";"RUNKOLAAKERI"
"7060";"OHJAUSPYÖRÄ"
"7061";"OHJAUSPYÖRÄN TYYNY"
"7047";"OHJAUSP.AKSELIN KOLARIELEMENTTI"
"7043";"OHJAUSPYÖRÄAKSELI"
"7088";"OHJAUSPYÖRÄAKSELI KULMAVAIHDE"
"7048";"OHJAUSPYÖRÄAKSELI SÄÄDETTÄVÄ"
"7089";"OHJAUSPYÖRÄAKSELI TEHOST SÄHKÖINEN"
"7045";"OHJAUSPYÖRÄAKSELI TÄYDELLINEN"
"7042";"OHJAUSPYÖRÄAKSELIN NIVEL"
"7044";"OHJAUSPYÖRÄAKSELIN PUTKI"
"7046";"OHJAUSPYÖRÄAKSELI TEHOSTETTU"
"3240";"OHJAUSPYÖRÄAKSELI SUOJA/SUOJAT"
"7398";"OHJAUSPYÖRÄLUKKO SÄHKÖINEN"
"4653";"OHJAUSPYÖRÄN NAPA"
"9476";"REEDVENTTIILI MP/MOOTTORIKELKKA"
"4616";"HEIJASTIN"
"9477";"HEIJASTIN/SIVUHEIJASTIN MP/MOOTTORIK."
"5056";"TAKAKANNEN PANEELI"
"7283";"JÄNNITTEENSÄÄDIN MP/MOOTTORIKELKKA"
"7420";"RELE ABS"
"7414";"RELE PERUUTUSVALO"
"4590";"RELE BENSIINI/DIESELLÄMMITIN"
"7438";"RELE JÄNNITEMUUNTAJA"
"4735";"RELE KULUTUSMITTARI"
"7408";"RELE POLTTOAINEPUMPPU"
"4733";"RELÄ TURVAVYÖ HÄLYTYS"
"7422";"RELE KESKUS"
"7483";"RELE KESKUSLUKITUS"
"4591";"RELE HIMMENNIN"
"4739";"RELE VETOKOUKKU"
"7404";"RELE LASINLÄMMITIN"
"7391";"RELE LISÄVALOT"
"7419";"RELE VAKIONOPEUDENSÄÄDIN"
"7427";"RELE IKKUNAN NOSTIN"
"7417";"RELE HEHKU DIESEL"
"7409";"RELE LAMPUN HEHKULANKAVAHTI"
"7403";"RELE JÄÄHDYTYSPUHALLIN"
"4737";"RELE JÄÄHDYTYSNESTEEN TASO"
"7406";"RELE LATAUS"
"7421";"RELE HÄLYTIN"
"7439";"RELE VALOT"
"4734";"RELE ÖLJYNPAINEANTURI"
"7456";"RELE YLIVAIHDE"
"7392";"RELE ÄÄNIMERKKI"
"4592";"RELE PESIN"
"4738";"RELE JÄNNITE MUUNTAJA"
"7407";"RELE KÄYNNISTINMOOTTORI"
"7413";"RELE KÄYNNISTYKSENESTO"
"7390";"RELE ISTUINLÄMMITIN"
"4736";"RELE AJOVALON PESURI"
"4593";"RELE TAKAKANNEN MOOTTORI"
"4732";"RELE TYHJÄKÄYNTIMOOTTORI"
"7418";"RELE LASINPYYHKIMEN JAKSOTIN"
"7402";"RELE PYYHKIMEN MOOTTORI"
"7451";"RELE VAROITUSVILKKU"
"4594";"RELE LÄMMITYSPUHALLIN"
"4730";"RELE VAIHDENÄYTTÖ"
"7437";"RELE MUUT"
"7222";"HIHNAPYÖRÄ (KAMPIAKSELI)"
"7244";"HIHNAPYÖRÄ/VÄRINÄNVAIMENNIN"
"9612";"HIHNASUOJUS OIK. MP"
"9611";"HIHNASUOJUS VAS. MP"
"4618";"HIHNANKIRISTIN TUULETT. HIHNA"
"7221";"HIHNANKIRISTIN/JAKOPÄÄN HIHNA"
"4551";"KORJAUSKELPOINEN AUTO MYYNTIIN"
"7149";"RENKAAN KORJAUSSARJA"
"4655";"VARAOSA MOOTTORI"
"4656";"VARAOSA VAIHDELAATIKKO"
"5069";"VARAPYÖRÄN PIDIN"
"5068";"VARAPYÖRÄN SUOJA"
"1212";"KORJAUSPELTI OVI 2D OIKEA"
"1211";"KORJAUSPELTI OVI 2D VASEN"
"1216";"KORJAUSPELTI OVI TAKA OIKEA"
"1215";"KORJAUSPELTI OVI TAKA VASEN"
"1214";"KORJAUSPELTI OVI ETU OIKEA"
"1213";"KORJAUSPELTI OVI ETU VASEN"
"1264";"KORJAUSPELTI OVIPELTI 2D OIKEA"
"1263";"KORJAUSPELTI OVIPELTI 2D VASEN"
"1056";"PUSKURIN LISTA ETU"
"1268";"KORJ.PELTI OVIPELTI 4D TAKA OIKEA"
"1267";"KORJ.PELTI OVIPELTI 4D TAKA"
"1266";"KORJ.PELTI OVIPELTI 4D ETU OIK"
"1265";"KORJ.PELTI OVIPELTI 4D ETU VAS"
"1232";"KORJ.PELTI ETULOK. KIINNIKE O"
"1231";"KORJ.PELTI ETULOK. KIINNIKE V"
"1262";"KORJ.PELTI VARAPYÖRÄKOTELO OIK"
"1261";"KORJ.PELTI VARAPYÖRÄKOTELO VAS"
"1254";"KORJ.PELTI TAKAP.KOT. TAKA O"
"1253";"KORJ.PELTI TAKAP.KOT. TAKA V"
"1252";"KORJ.PELTI TAKAP.KOT. ETU OIK"
"1251";"KORJ.PELTI TAKAP.KOT. ETU VAS."
"1242";"KORJ.PELTI LOK. REUNA TAKA 2D O"
"1241";"KORJ.PELTI LOK. REUNA TAKA 2D V"
"1246";"KORJ.PELTI LOK. REUNA TAKA 4D O"
"1245";"KORJ.PELTI LOK. REUNA TAKA 4D V"
"1244";"KORJ.PELTI LOK.REUNA TAK.SIS. O"
"1243";"KORJ.PELTI LOK.REUNA TAK.SIS. V"
"1204";"KORJ.PELTI KYNNYS SISÄPUOL. O"
"1203";"KORJ.PELTI KYNNYS SISÄPUOL. V"
"9335";"KOKO 225/35-19"
"1202";"KORJ.PELTI KYNNYS ULKOPUOL. O"
"1201";"KORJ.PELTI KYNNYS ULKOPUOL.V"
"1299";"KORJAUSPELTI MUUT"
"9610";"TAKARATTAAN VAIMENNIN MP"
"9478";"SELKÄNOJA/SISSIPAARI MP/MOOTTORIK."
"9562";"SATULA TAKA MP"
"9561";"SATULA ETU MP"
"7803";"SATULA LUKKO MP"
"7804";"SATULA LUKKOSANKA MP"
"9560";"SATULA MP/MOOTTORIKELKKA"
"5026";"TUNNISTIN ADAPTIIVI NOP SÄÄD"
"5027";"TUNNISTIN AKTIIVI TÖRM SUOJA"
"7866";"TUNNISTIN PAKOKAASU"
"7505";"TUNNISTIN LASIRIKKO"
"7843";"SADETUNNISTIN"
"4619";"TUNNISTIN HIMMENNIN"
"7493";"TUNNISTIN MUUT"
"3058";"SIVUHELMA OIK."
"3059";"SIVUHELMA VAS."
"3037";"SIVULASI/KORI OIKEA"
"3036";"SIVULASI/KORI VASEN"
"4639";"SIVULASI/TAKA - PEITELISTA"
"4640";"SIVULASI/TAKA - KUMILISTA"
"4588";"SIVULASI ETUM. A-PILARI OIKEA"
"4589";"SIVULASI ETUM. A-PILARI VASEN"
"4583";"SIVULASI SALPALAITE"
"4586";"SIVULASI/KORI AVATTAVA OIKEA"
"4587";"SIVULASI/KORI AVATTAVA VASEN"
"9585";"SIVUTUKI MP"
"9586";"SIVUTUKIKATKAISIN MP"
"7436";"ÄÄNIMERKINANTOLAITE"
"3030";"OVI LIUKUOVEN SARANA/RISSA"
"2110";"SUOJAKÄSINEET"
"9608";"SKYDDSPLÅT MOTOR MC"
"9609";"SKYDDSBÅGE MOTOR MC"
"5038";"REKISTERIKILVEN VALO"
"5050";"REKISTERIKILVEN VALAISIN KIINNIKKEET"
"5002";"LOKASUOJA TAKA OIKEA"
"5001";"LOKASUOJA TAKA VASEN"
"1002";"LOKASUOJA ETU OIKEA"
"1001";"LOKASUOJA ETU VASEN"
"4527";"LOKASUOJA KULMA TÄYTE TAKA"
"4528";"LOKASUOJA KULMA TÄYTE ETU"
"1003";"LOKASUOJA SISÄ"
"5003";"LOKASUOJALEVIKE"
"9499";"MOOTTORIKELKKA MUUT OSAT"
"7426";"KÄYNNISTINMOOTTORIN SOLENOIDI"
"3130";"AURINKOLIPPA/HÄIKÄISYSUOJA"
"7160";"KESÄRENGAS + AL-VANNE 4 KPL"
"7152";"KESÄRENGAS + VANNE"
"7161";"KESÄRENGAS + PELTIVANNE 4 KPL"
"2061";"PUHDISTUSSARJA"
"7443";"MONITOIMIKATK.VILKKU/VALOT"
"7457";"MONITOIMIKATK.VILKKU/PYYH"
"7444";"MONITOIMIKATKAISIN VALOT/PESIN"
"7445";"MONITOIMIKATK. PYYHIN/PESIN"
"9563";"SATULA KAHVA MP/MOOTTORIKELKKA"
"9483";"LUISTI/LUISTIKISKO MOOTTORIKELKKA"
"9482";"SUKSI OIK. MOOTTORIKELKKA"
"9481";"SUKSI VAS. MOOTTORIKELKKA"
"9480";"SIVUKATE OIK. MOOTTORIKELKKA"
"7458";"RADIO KAUKOSÄ. VIIKSI/KYTKIN"
"7441";"MONITOIMIKATK. KESKUS"
"3145";"SISÄTAUSTAPEILI"
"4620";"SISÄTAUSTAPEILI SÄHKÖ"
"3033";"SIVUPEILIN SÄÄTÖMOOTTORI"
"3044";"SIVUPEILI SÄHKÖ OIKEA"
"3043";"SIVUPEILI SÄHKÖ VASEN"
"3032";"SIVUPEILI OIKEA"
"3042";"SIVUPEILI OIKEA SISÄSÄÄTÖ"
"3041";"SIVUPEILI VASEN SISÄSÄÄTÖ"
"3074";"SIVUPEILIN ULKOKEHYS/KOPPA OIKEA"
"3073";"SIVUPEILIN ULKOKEHYS/KOPPA VASEN"
"3031";"SIVUPEILI VASEN"
"3026";"SIVUPEILIN LASI OIKEA"
"3027";"SIVUPEILIN LASI VASEN"
"7132";"OLKA-AKSELI TAKA OIKEA"
"7131";"OLKA-AKSELI TAKA VASEN"
"5006";"SPOILERI TAKA/HELMA"
"5005";"SPOILERI TAKAKANSI"
"1008";"SPOILERI ETU"
"1049";"PESIMEN TUULILASIN SUUTIN"
"1044";"AJOVALON PESIMEN SUUTIN"
"5076";"PESIMEN PUMPPU TAKALASI"
"1045";"PESIMEN PUMPPU KORKEAP./AJOVAL"
"7425";"PESIMEN PUMPPU TUULILASI"
"5075";"PESIMEN SÄILIÖ TAKALASI"
"2011";"PESIMEN SÄILIÖN KORKKI"
"1047";"PESIMEN SÄILIÖ AJOVALO"
"1048";"PESIMEN SÄILIÖ TUULILASI"
"1073";"PESIMEN SÄIL. TUULILASI/AJOVAL"
"2018";"PESUNESTE"
"9513";"KÄYNNISTINNAPPI MP"
"3421";"KÄYNNISTINNAPPI HENKILÖAUTO"
"7410";"KÄYNNISTINMOOTTORI BENSIINI"
"7412";"KÄYNNISTINMOOTTORI DIESEL"
"3420";"KÄYNNISTYKSENESTOKYTKIN"
"1088";"AVATTAVAN AJOVALON MOOTTORI O"
"1087";"AVATTAVAN AJOVALON MOOTTORI V"
"1086";"AJOVALOJEN AVAAJAMOOTTORI"
"1090";"AJOVALON KIINN.KEHYS"
"1039";"AJOVALON AUTOMAATTISÄÄD. MOOTT"
"1076";"AJOVALON KOTELO"
"1020";"AJOVALO"
"9679";"STRÅLKASTARE FÄSTE MC"
"1022";"AJOVALO OIKEA"
"1021";"AJOVALO VASEN"
"1027";"AJOVALON LASI OIKEA"
"1026";"AJOVALON LASI VASEN"
"9680";"STRÅLKASTARGLAS MC"
"1093";"AJOVALON POLTTIMO XENON"
"1078";"AJOVALON KOTELO OIKEA"
"1077";"AJOVALON KOTELO VASEN"
"1084";"AJOVALON HEIJASTIN OIKEA"
"1083";"AJOVALON HEIJASTIN VASEN"
"9484";"AJOVALON KEHYS/KOTELO MP/MOOTTOR."
"1024";"AJOVALON KEHYS OIKEA"
"1023";"AJOVALON KEHYS VASEN"
"1046";"AJOVALOPYYHKIMEN KUMI"
"1040";"AJOVALOPYYHKIMEN MOOTTORI"
"1042";"AJOVALOPYYHKIMEN MOOTTORI OIK."
"1041";"AJOVALOPYYHKIMEN MOOTTORI VAS."
"1043";"AJOVALOPYYHKIMEN VARSI"
"1082";"AJOVALON KOTELO AVATTAVA OIKEA"
"1081";"AJOVALON KOTELO AVATTAVA VASEN"
"3402";"KATKAISIN SUMUVALO ETU/TAKA"
"4559";"KATKAISIN ILMASTOINTI"
"3405";"KATKAISIN AIRBAG"
"4595";"KATKAISIN ANTENNI"
"7828";"KATKAISIN ESP"
"7825";"KATKAISIN LUISTONESTO"
"4564";"KATKAISIN PERUUTUSVALO"
"4566";"KATKAISIN TAKAKANSI"
"4600";"KATKAISIN LAPSILUKKO"
"4531";"KATKAISIN PA OKTAANISÄÄDIN"
"4561";"KATKAISIN KESKUSLUKITUS"
"4636";"KATKAISIN RAITISILMAN"
"4623";"KATKAISIN TASAUSPYÖR. LUKKO"
"7482";"KATKAISIN HIMMENNIN"
"7448";"KATKAISIN LASINNOSTIN"
"7480";"KATKAISIN LASINLÄMMITIN"
"3403";"KATKAISIN LISÄVALO"
"4598";"KATKAISIN VAIMENNIN/KAIUTIN"
"4560";"KATKAISIN VAKIONOPEUDENSÄÄDIN"
"7447";"KATKAISIN LÄMM LAITT PUHALLIN"
"7826";"KATKAISIN AJOTIETOKONE"
"9465";"KATKAISIN KÄDENSIJAN LÄMM. MP/ MOOT"
"7821";"KATKAISIN PÄÄ"
"4596";"KATKAISIN SISÄVALO"
"7397";"KATKAISIN HÄLYTIN"
"7446";"KATKAISIN AJOVALO"
"7442";"KATKAISIN AJOVALO/LATTIA"
"7824";"AJOVALOJEN KORKEUDEN SÄÄDIN"
"4565";"KATKAISIN KORKEUDENSÄÄDIN"
"7829";"KATKAISIN PYSÄKÖINTIJARRU"
"7449";"KATKAISIN PEILI"
"4622";"KATKAISIN ISTUIM. SÄÄD. MUISTI"
"7822";"KATKAISIN ISTUIMEN SÄÄTÖ"
"3404";"KATKAISIN ISTUIMEN LÄMMITIN"
"4597";"KATKAISIN AJOVALOPYYHIN"
"3401";"KATKAISIN KATTOLUUKKU"
"4562";"KATKAISIN PA-SÄIL. LUUKKU"
"4567";"KATKAISIN PYYH./PESIN TAKALASI"
"4701";"KATKAISIN TUULILASIPYYHIN"
"4599";"KATKAISIN PYYHKIMEN JAKSOTUS"
"7481";"KATKAISIN VAROITUSVILKUT"
"4700";"KATKAISIN TUULILASIN PESIN"
"7827";"KATKAISIN VAIHTEISTO"
"7453";"KATKAISIN MUUT"
"2130";"STYLING / TUNING"
"7039";"APUSIMPUKKA"
"9504";"OHJAUSTANKO OIK. MP"
"9503";"OHJAUSTANKO VAS. MP"
"7475";"OHJAUSYKSIKKÖ ABS"
"8083";"OHJAUSYKSIKKÖ AIRBAG"
"7479";"OHJAUSYKSIKKÖ ASC"
"7474";"OHJAUSYKSIKKÖ PAKOKAASUPUHD."
"5074";"OHJAUSYKSIKKÖ TAKAKANSI"
"7848";"OHJAUSYKSIKKÖ LISÄLÄMMITIN"
"7847";"OHJAUSYKSIKKÖ HÄLYTIN"
"7846";"OHJAUSYKSIKKÖ POLTTOAINEPUMPPU"
"7485";"OHJAUSYKSIKKÖ KESKUSLUKITUS"
"7486";"OHJAUSYKSIKKÖ SISÄTILALÄMMITIN"
"5073";"OHJAUSYKSIKKÖ VETOKOUKKU"
"7842";"OHJAUSYKSIKKÖ OVI"
"7144";"OHJAUSYKSIKKÖ TASAUSPYÖRÄSTÖ SÄHKÖINEN"
"7467";"OHJAUSYKSIKKÖ VAKIONOPEUDENS."
"7078";"OHJAUSYKSIKKÖ JOUSITUS"
"7844";"OHJAUSYKSIKKÖ NELIVETO"
"7472";"OHJAUSYKSIKKÖ KAASUTIN"
"7849";"OHJAUSYKSIKKÖ NOPEUSANTURI"
"7487";"OHJAUSYKSIKKÖ RUIS.PUMP. DIES."
"7470";"OHJAUSYKSIKKÖ RUISKU"
"7488";"OHJAUSYKSIKKÖ IMUILMA MP"
"7484";"OHJAUSYKSIKKÖ PYSÄKÖINTI"
"7510";"OHJAUSYKSIKKÖ KÄSIJARRU SÄHKÖINEN"
"7473";"OHJAUSYKSIKKÖ OHJAUSTEHOSTIN"
"7476";"OHJAUSYKSIKKÖ PUHE"
"3399";"OHJAUSYKSIKKÖ KATTOLUUKKU"
"7471";"OHJAUSYKSIKKÖ SYTYTYS"
"7468";"OHJAUSYKSIKKÖ VAIHTEISTO"
"7509";"OHJAUSYKSIKKÖ VAIHDEYKSIKKÖ"
"7498";"OHJAUSYKSIKKÖ MUUT"
"9487";"OHJAUSTANGON KOROTUSPALAT MP/MOOT"
"7058";"OHJAUSVAIMENNIN"
"7079";"OHJAUSTEHOSTIMEN SUODATIN"
"7080";"OHJAUSTEHOSTIMEN PINTA VAHTI"
"7082";"OHJAUSTEHOSTIMEN PUMPPU SÄHK."
"7063";"OHJAUSTEHOSTIMEN PAINE VAHTI"
"7057";"OHJAUSTEHOSTIMEN ÖLJYSÄILIÖ"
"7055";"OHJAUSTEHOSTIMEN PUMPPU"
"7059";"OHJAUSTEHOSTIMEN PUMPUN JALKA"
"7081";"OHJAUSTEHOSTIMEN KANSI"
"7056";"OHJAUSTEHOSTIN TÄYDELLINEN"
"7062";"OHJAUSTEHOSTIMEN LETKU/LETKUT"
"4558";"OHJAUSSIMPUKKA"
"7032";"OLKA-AKSELI LAAKERIPESÄ OIKEA"
"7031";"OLKA-AKSELI LAAKERIPESÄ VASEN"
"7030";"OLKA-AKSELI PALLONIVEL"
"7008";"RAIDETANKO VASEN / KESKI / OIK"
"4571";"RAIDETANKO ILMAN PÄÄTÄ OIKEA"
"4569";"RAIDETANKO ILMAN PÄÄTÄ KESKIMM"
"4570";"RAIDETANKO ILMAN PÄÄTÄ VASEN"
"7010";"RAIDETANGON PÄÄ OIKEA"
"7009";"RAIDETANGON PÄÄ VASEN"
"9512";"OHJAUSTANGON PAINOT MP"
"7130";"OHJAUSVAIHDE TAKA"
"7129";"OHJAUSVAIHDE SUOJAKUMI"
"7041";"OHJAUSVAIHDE TEHOSTETTU"
"7040";"OHJAUSVAIHDE"
"5004";"ROISKELÄPPÄ"
"1055";"PUSKURI/KARJAPUSKURI"
"7118";"ISKUNVAIMENNIN TAKA"
"9640";"STÖTDÄMPARE BAK LÄNKAGE MC"
"9642";"ISKUNVAIMENNIN TAKA OIK. MP"
"9641";"ISKUNVAIMENNIN TAKA VAS. MP"
"7018";"ISKUNVAIMENNIN ETU"
"9639";"ISKUNVAIMENNIN ETU MC"
"4507";"PUSKURIN SIVUKAPPALE VÄLIOSA"
"4506";"PUSKURI TÄYTE/LISTA/SÄLEIKKÖ"
"5029";"PUSKURIN PALKKI TAKA"
"1057";"PUSKURIN PALKKI ETU"
"5033";"PUSKURIN PÄÄLLYSTE TAKA"
"1060";"PUSKURIN PÄÄLLYSTE ETU"
"5037";"PUSKURIN KIINNITYSRAUTA TAKA"
"1054";"PUSKURIN KIINNITYSRAUTA ETU"
"5032";"PUSKURIN PÄÄ TAKA OIKEA"
"5035";"PUSKURIN KESKIOSA TAKA"
"5031";"PUSKURIN PÄÄ TAKA VASEN"
"1052";"PUSKURIN PÄÄ ETU OIKEA"
"1053";"PUSKURIN KESKIOSA ETU"
"1051";"PUSKURIN PÄÄ ETU VASEN"
"5034";"PUSKURIN VAIMENNIN TAKA"
"1058";"PUSKURIN VAIMENNIN ETU"
"5030";"PUSKURI TAKA"
"5028";"PUSKURI JOUSTOELEMENTTI TAKA"
"1059";"PUSKURI JOUSTOELEMENTTI ETU"
"1050";"PUSKURI ETU"
"4509";"PUSKURIN SUOJA/SARVI TAKA OIKEA"
"4508";"PUSKURIN SUOJA/SARVI TAKA VASEN"
"1062";"PUSKURIN SUOJA/SARVI ETU OIKEA"
"1061";"PUSKURIN SUOJA/SARVI ETU VASEN"
"5036";"PUSKURIN LISTA TAKA"
"9491";"OHJAUSTANGON PIDIKE MOOTTORIKELKKA"
"9490";"OHJAUSTANKO MOOTTORIKELKKA"
"9489";"SUKSEN OHJAINRAUTA MOOTTORIKELKKA"
"9488";"OHJAUSTANGON PAINOT MOOTTORIKELKKA"
"9486";"AJOJALKINEET MOOTTORIKELKKA"
"9485";"AJOPUKU MOOTTORIKELKKA"
"9651";"TAKAHAARUKKA TÄYDELLINEN MP"
"9650";"TAKAHAARUKKA MP"
"9652";"TAKAHAARUKAN AKSELI MP"
"9653";"TAKAHAARUKAN KIINNIKE MP"
"9654";"TAKAHAARUKAN LINKUT MP"
"7231";"VAUHTIPYÖRÄ AUTOMAATTIVAIHT."
"7230";"VAUHTIPYÖRÄ MANUAALIVAIHTEISTO"
"7287";"SVÄNGHJUL/STATOR MC"
"2021";"VAUHTIPYÖRÄN LAAKERI"
"3124";"TURVAVYÖ TAKA OIKEA     "
"3127";"TURVAVYÖ TAKA KESKELLÄ"
"3123";"TURVAVYÖ TAKA VASEN     "
"3119";"TURVAVYÖ LISÄISTUIN"
"3122";"TURVAVYÖ ETU OIKEA      "
"1097";"PUSKURIN KIINNIKEET ETU VASEN"
"1098";"PUSKURIN KIINNIKEET ETU OIKEA"
"5093";"PUSKURIN KIINNIKEET TAKA VASEN"
"5094";"PUSKURIN KIINNIKEET TAKA OIKEA"
"3121";"TURVAVYÖ ETU VASEN      "
"3164";"TURVAVYÖ ETU KESKELLÄ"
"3162";"TURVAVYÖ  KESKELLÄ OIKEA"
"3163";"TURVAVYÖ  KESKELLÄ KESKI"
"3161";"TURVAVYÖ  KESKELLÄ VASEN"
"3120";"TURVAVYÖ LUKKO/RAJOITIN"
"3160";"TURVAVYÖ SÄÄTÖMEKANISMI"
"3126";"TURVAVYÖ SARJA TAKA      "
"3125";"TURVAVYÖ SARJA ETU       "
"7435";"SULAKERASIA/SÄHKÖPÄÄKESKUS"
"4532";"SULAKERASIA/SÄHKÖPÄÄK. KANSI"
"3049";"KATTOBOKSI/SUKSIBOKSI"
"3040";"KATTOLUUKKU"
"3038";"KATTOLUUKUN TUULIOHJAIN"
"3046";"KATTOLUUKUN MOOTTORI"
"3047";"KATTOLUUKUN VEIVI"
"3039";"KATTOKAIDE/KATTOTELINE"
"4576";"TARGAKATTO"
"7291";"TERMOSTAATTI"
"7213";"TERMOSTAATTIKOTELO/KANSI"
"7851";"LÄMMITYSLAITTEEN AJASTIN"
"7465";"JOUTOKÄYNTISUUTIN/VENTTIILI"
"7206";"SYLINTERINKANSI BENSIINI"
"7202";"SYLINTERIKANSI DIESEL"
"7840";"TUULILASIN PYYHK. VARSI/VARRET"
"7839";"TAKALASIN PYYHKIMEN VARSI"
"7838";"TUUL PYYHK SULKA TAKSE"
"7837";"TUUL PYYHK SULKA ETEEN"
"5077";"TAKALASIN PYYHKIMEN MEKANISMI"
"7841";"TUULILASIN PYYHKIMEN MEKANISMI"
"7416";"TAKALASIN PYYHKIMEN MOOTTORI"
"7415";"TUULILASIN PYYHKIMEN MOOTTORI"
"1074";"TUULILASIN ALARITILÄ"
"7799";"VOIMANSIIRTO MUUT"
"9031";"KULJETUS"
"9030";"AUTON KULJETUS"
"7255";"TURBOAHDIN"
"7257";"TURBO ÖLJYPUTKI"
"7261";"TURBO VESIPUTKI"
"1130";"PEITEMUOVI ETU"
"7279";"SYTYTYSJOHTOSARJA"
"7492";"SYTYTYSKASETTI"
"7440";"OHJAUS/VIRTALUKKO"
"7454";"VIRTALUKON POHJA"
"7478";"SYTYTYSMODUULI"
"7278";"SYTYTYS KYTKENTÄ VASTUS"
"4637";"SYTYTYS KONDENSAATTORI"
"9492";"SYTYTYSLEVY MP/MOOTTORIKELKKA"
"7450";"SYTYTYSPUOLA"
"2079";"SYTYTYSTULPPA"
"2020";"KYTKIMEN PAINELAAKERI"
"7270";"ALIPAINEPUMPPU"
"7269";"ALIPAINEVENTTIILI/EI EGR"
"2116";"VAROITUSKOLMIO"
"989";"MUU MARKKINA MUUT"
"9618";"KIERROSLUKUMITTARIN VAIJERI MP"
"7256";"AHTIMEN YLIPAINEVENTTIILI"
"7210";"VESIPUMPPU"
"7211";"VESIPUMPUN KOTELO/KANSI"
"2072";"PAKOVENTTIILI"
"4581";"RENGASVENTTIILI"
"2073";"IMUVENTTIILI"
"4582";"VENTTIILINOSTAJA"
"3064";"TUULETUSLASIN AUKAISUMEKANISMI"
"7233";"VENTTIILIKANSI"
"2076";"VENTTIILIOHJAIN/OHJAIMET"
"2077";"VENTTIILITIIVISTEET"
"4556";"KORJAAMOKÄSIKIRJA"
"2128";"KORJAAMON LAITTEET"
"7814";"TYÖKALUKOTELO/SÄILIÖ"
"7815";"TYÖKALUSARJA/PAKKI"
"7207";"KAMPIAKSELI"
"7274";"KAMPIAKSELIN TIIVISTEEN KOTELO"
"7266";"HUOHOTIN LETKU/KOTELO"
"2075";"KIERTOKANGEN LAAKERI"
"4651";"TUULIOHJAIN OVI"
"3048";"TUULIOHJAIN KATTO"
"3035";"TUULILASI"
"4643";"TUULILASI PEITELISTA"
"4644";"TUULILASI KUMILISTA"
"9494";"VARIAATTORI TOISIO MOOTTORIKELKKA"
"9493";"VARIAATTORI ENSIÖ MOOTTORIKELKKA"
"3045";"KATTO / LASIKATTO"
"3034";"TUULILASIN KEHYS"
"7162";"TALVIRENGAS + AL-VANNE 4 KPL"
"7153";"TALVIRENGAS + VANNE"
"7163";"TALVIRENGAS + PELTIVANNE 4 KPL"
"7204";"KEINUVIVUSTO/KEINUVIPU"
"9522";"KATTEEN LASI/YLÄKATE MP"
"7760";"VISKOKYTKIN"
"8030";"LÄMMITYSLAITE KENNO"
"8029";"LÄMMITYSLAITEEN KOTELO TÄYDELLINEN"
"8026";"LÄMMITYSLAITE KIERTOVESIPUMPPU"
"8024";"LÄMMITYSLAITE SÄÄTÖMOOTTORI"
"8020";"LÄMMITYSLAITE PUHALLIN"
"8023";"LÄMMITYSLAITE PUHALT. VASTUS"
"7859";"LÄMMITYSLAITE KOTELO/VAIHDIN"
"8027";"LISÄLÄMMITYSLAITE"
"3245";"LÄMPÖTILASÄÄTIMET"
"8025";"LÄMPÖTILAVENTTIILI/HANA"
"7704";"VAIHTEISTO JAKOLAATIKKO"
"7720";"VAIHDE ENSIÖ"
"7723";"VAIHTEISTO LETKU/LETKUT AUTOM."
"7721";"VAIHDE TOISIO"
"7732";"VAIHTEISTON SIIRTOHAARUKKA"
"7705";"VAIHDELAATIKKO AUTOMAATTI"
"7708";"VAIHDELA. AUT. KYTKINKOPPA"
"7703";"VAIHDELAATIKKO YLIVAIHDE"
"7700";"VAIHDELAATIKKO TIPTRONIC"
"7730";"VAIHDELAATIKON PALKKI"
"7731";"VAIHDELAATIKON KIINN.KORVAKE"
"7734";"VAIHDELAATIKON KUORI/OSAT"
"4624";"VAIHDELAATIKON KUMITYYNY"
"7718";"VAIHDELAATIKON KANSI"
"7633";"VAIHDEPOLJIN MP"
"7717";"VAIHDEVIVUSTO / VAIJERIT"
"7755";"VAIHTEENVALITSIN NOPEA/HIDAS SÄHKÖINEN"
"7715";"VAIHDEKEPPI"
"7747";"VAIHDEKEPIN KIINIKE/PESÄ"
"7716";"VAIHDEKEPIN SUOJUS"
"4555";"VAIHDEKEPIN NUPPI"
"7753";"VAIHDEYKSIKÖN HYDRAULIIKKAKONEISTON"
"979";"MUUT ANTIIKI/MUUT VANHA TAVARA"
"975";"MUUT KIINTEISTÖT"
"977";"MUUT TONTTI/MAA"
"978";"MUUT VUOKRAAMINEN"
"976";"MUUT ULKOMAA"
"4573";"VAIHDELAATIKKO MAN 7-VAIHT"
"7701";"VAIHDELAATIKKO MAN 4-VAIHT"
"7702";"VAIHDELAATIKKO MAN 5-VAIHT"
"7752";"VAIHDELAATIKON VAIHDEYKSIKKÖ"
"7725";"VAIHDELAAT MAN KYTKINKOPPA"
"7294";"VAIHDELAAT MAN ÖLJYPUTKI/LETKU"
"9336";"KOKO 225/65-18"
"9340";"KOKO 275/55-17"
"9339";"KOKO 235/65-18"
"9338";"KOKO 255/45-20"
"9337";"KOKO 225/55-18"
"9341";"KOKO 255/50-19"
"3136";"SISUSTA KATTOKONSOLI"
"3156";"DOKUMENTTILOKERO"
"7800";"LAATTAPIDIKE"
"4572";"VAIHDELAATIKKO MAN 3-VAIHT"
"7706";"VAIHDELAATIKKO MAN 6-VAIHT"
"9345";"KOKO 215/45-16"
"9344";"KOKO 205/55-17"
"9320";"KOKO 245/60-18"
"9319";"KOKO 275/40-18"
"9318";"KOKO 285/35-19"
"9321";"KOKO 265/70-16"
"9322";"KOKO 255/40-20"
"9323";"KOKO 275/40-17"
"9324";"KOKO 255/75-15"
"9333";"KOKO 185/50-16"
"9334";"KOKO 265/60-18"
"9342";"KOKO 255/40-19"
"9343";"KOKO 235/55-19"
"7310";"OHJAUSYKSIKKÖ AJOVALO"
"9346";"KOKO 175/50-15"
"9347";"KOKO 205/65-16C"
"9348";"KOKO 215/65-16C"
"9349";"KOKO 235/40-19"
"9350";"KOKO 125/70-19"
"9351";"KOKO 135/70-15"
"9352";"KOKO 145/55-15"
"9353";"KOKO 145/60-20"
"9354";"KOKO 145/65-15"
"9355";"KOKO 145/80-19"
"9356";"KOKO 155/60-15"
"9357";"KOKO 155/70-14"
"9358";"KOKO 155/70-19"
"9359";"KOKO 155/80-19"
"9360";"KOKO 165/60-15"
"9361";"KOKO 165/60-20"
"9362";"KOKO 165/65-15"
"9363";"KOKO 165/80-15"
"9364";"KOKO 175/55-15"
"9365";"KOKO 175/60-14"
"9366";"KOKO 175/75-16"
"9367";"KOKO 175/80-14"
"9368";"KOKO 175/80-19"
"9369";"KOKO 185/55-16"
"9370";"KOKO 195/40-14"
"9371";"KOKO 195/40-17"
"9372";"KOKO 195/45-15"
"9373";"KOKO 195/55-20"
"9374";"KOKO 195/80-15"
"9375";"KOKO 215/50-18"
"9376";"KOKO 225/35-20"
"9377";"KOKO 225/40-19"
"9378";"KOKO 225/50-18"
"9379";"KOKO 225/55-19"
"9380";"KOKO 235/30-20"
"9381";"KOKO 235/40-20"
"9382";"KOKO 235/45-19"
"9383";"KOKO 235/45-20"
"9384";"KOKO 235/50-17"
"9385";"KOKO 235/50-19"
"9386";"KOKO 235/55-20"
"9387";"KOKO 235/60-20"
"9388";"KOKO 235/65-19"
"9389";"KOKO 235/70-15"
"9390";"KOKO 235/70-17"
"9391";"KOKO 235/75-16"
"9392";"KOKO 245/30-20"
"9393";"KOKO 245/30-21"
"9394";"KOKO 245/35-18"
"9395";"KOKO 245/35-20"
"9396";"KOKO 245/35-21"
"9397";"KOKO 245/40-19"
"9398";"KOKO 245/40-20"
"9399";"KOKO 245/45-19"
"9400";"KOKO 245/45-20"
"9401";"KOKO 245/50-18"
"9402";"KOKO 245/50-20"
"9403";"KOKO 245/55-19"
"9404";"KOKO 255/30-19"
"9405";"KOKO 255/30-20"
"9406";"KOKO 255/30-21"
"9407";"KOKO 255/35-20"
"9408";"KOKO 255/35-21"
"9409";"KOKO 255/40-17"
"9410";"KOKO 255/40-21"
"9411";"KOKO 255/45-19"
"9412";"KOKO 255/50-20"
"9413";"KOKO 255/55-17"
"9414";"KOKO 255/55-19"
"9415";"KOKO 255/55-20"
"9416";"KOKO 265/30-19"
"9417";"KOKO 265/30-20"
"9418";"KOKO 265/30-21"
"9419";"KOKO 265/30-22"
"9420";"KOKO 265/35-19"
"9421";"KOKO 265/35-20"
"9422";"KOKO 265/35-21"
"9423";"KOKO 265/35-22"
"9424";"KOKO 265/40-18"
"9425";"KOKO 265/40-20"
"9426";"KOKO 265/40-21"
"9427";"KOKO 265/40-22"
"9428";"KOKO 265/45-19"
"9429";"KOKO 265/45-20"
"9430";"KOKO 265/50-19"
"9431";"KOKO 265/50-20"
"9432";"KOKO 275/30-19"
"9433";"KOKO 275/30-20"
"9434";"KOKO 275/30-21"
"9435";"KOKO 275/35-18"
"9436";"KOKO 275/35-19"
"9437";"KOKO 275/35-20"
"9438";"KOKO 275/35-21"
"9439";"KOKO 275/35-22"
"9440";"KOKO 275/40-19"
"9441";"KOKO 275/40-21"
"9442";"KOKO 275/40-22"
"9443";"KOKO 275/45-18"
"9444";"KOKO 275/45-19"
"9445";"KOKO 275/45-20"
"9446";"KOKO 275/45-21"
"9447";"KOKO 275/50-19"
"9448";"KOKO 275/50-20"
"9449";"KOKO 275/55-19"
"9039";"KOKO 275/60-20"
"9040";"KOKO 275/65-17"
"9041";"KOKO 285/30-18"
"9042";"KOKO 285/30-19"
"9043";"KOKO 285/30-20"
"9044";"KOKO 285/30-21"
"9045";"KOKO 285/35-18"
"9046";"KOKO 285/35-20"
"9047";"KOKO 285/35-21"
"9048";"KOKO 285/40-19"
"9049";"KOKO 285/40-22"
"9050";"KOKO 285/45-19"
"9051";"KOKO 285/45-20"
"9052";"KOKO 285/45-21"
"9053";"KOKO 285/50-18"
"9054";"KOKO 285/50-20"
"9055";"KOKO 285/60-18"
"9056";"KOKO 285/65-16"
"9057";"KOKO 285/65-17"
"9058";"KOKO 295/25-20"
"9059";"KOKO 295/25-21"
"9060";"KOKO 295/30-18"
"9061";"KOKO 295/30-19"
"9062";"KOKO 295/30-20"
"9063";"KOKO 295/30-21"
"9064";"KOKO 295/30-22"
"9065";"KOKO 295/35-19"
"9066";"KOKO 295/35-20"
"9067";"KOKO 295/35-21"
"9068";"KOKO 295/35-22"
"9069";"KOKO 295/40-19"
"9070";"KOKO 295/40-20"
"9071";"KOKO 295/40-21"
"9072";"KOKO 295/40-22"
"9073";"KOKO 295/45-19"
"9074";"KOKO 295/45-20"
"9075";"KOKO 305/25-20"
"9076";"KOKO 305/25-22"
"9077";"KOKO 305/30-19"
"9078";"KOKO 305/30-20"
"9079";"KOKO 305/30-23"
"9080";"KOKO 305/40-22"
"9081";"KOKO 315/25-19"
"9082";"KOKO 315/25-23"
"9083";"KOKO 315/30-21"
"9084";"KOKO 315/30-22"
"9085";"KOKO 315/35-20"
"9086";"KOKO 315/40-21"
"9087";"KOKO 325/25-20"
"9088";"KOKO 325/25-21"
"9089";"KOKO 325/35-22"
"9090";"KOKO 325/40-21"
"9091";"KOKO 335/25-22"
"9092";"KOKO 185/60-16"
"3129";"SISÄVALO OVI"
"7302";"MOOTTORI SÄHKÖINEN ETU"
"9479";"SIVUKATE VAS. MOOTTORIKELKKA"
"9473";"KATKAISIN HÄTÄPYSÄYTIN MOOTTORIKELKKA"
"9472";"SAMMUTINKATK./HÄTÄKATK. MOOTTORIKELKKA"
"9471";"VETOKÄYNNISTIN/KÄYNNISTINL. MOOTTORIKELKKA"
"9468";"ETUKANSI MOOTTORIKELKKA"
"9462";"ASTINLAUDAN VAHVIKE MOOTTORIKELKKA"
"9461";"ETURATAS MOOTTORIKELKKA"
"9456";"TELAPYÖRÄ/AKSELI MOOTTORIKELKKA"
"9453";"ETUKUOMU MOOTTORIKELKKA"
"9450";"PAKOAUKON SÄÄDIN MOOTTORIKELKKA"
"9670";"TAKAVALO TÄYDELL. MP/MOOTTORIKELKKA"
"9619";"NOPEUSMITTARIN PYÖRITTÄJÄ MP/MOOTTORIKELKKA"
"9555";"TAVARATELINE MP/MOOTTORIKELKKA"
"9510";"KYTKINKAHVA MP/MOOTTORIKELKKA"
"9501";"OHJAUSTANKO TÄYDELLINEN MP/MOOTTORIKELKKA"
"9495";"VARIAATTORISUOJUS MOOTTORIKELKK."
"9475";"PRIMÄÄRIPUMPPU MOOTTORIKELKKA"
"7301";"VIRRANJAOITIN ALIPAINESÄÄDIN"
"7873";"AJOVOIMA-AKKU LÄMMITINLAITE"
"7875";"AJOVOIMA-AKKU MODUULI/KENNO"
"7517";"ANTURI OVI/TAKALUUKKU AUKI/KIINNI"
"7394";"KAUKOSÄÄDIN MULTIMEDIA"
"7393";"MONITOIMINÄYTTÖ"
"4608";"MATKAPUHELIN LATAUSALUSTA"
"7518";"OHJAUSYKSIKKÖ BLUETOOTH"
"7519";"OHJAUSYKSIKKÖ HARDTOP/CAB"
"7520";"OHJAUSYKSIKKÖ OBD/GATEWAY"
"7877";"AJOVOIMA-AKKU SULAKE"
"7085";"OHJAUS MUUT"
"2131";"AJOVALON POLTTIMO HALOGEN"
"2132";"AJOVALON POLTTIMO LED"
"1092";"LAMPUNPIDIN MUUT"
"4504";"ILMAJOUSITUKSEN TASONSÄÄTÖ"
"7880";"SISÄTILAN LÄMMITYSLAITE"
"7387";"LUKKO MUUT"
"4660";"START/STOP MUUT"
"3144";"KAMERA SISÄTILA"
"5054";"KAMERA ULKOINEN"
"7311";"LATAUSKAAPELI SÄHKÖAUTO"
"7874";"AJOVOIMA-AKKU JÄÄHDYTYSYKSIKKÖ"
"7876";"LATAUSLUUKKU"
"7878";"LATAUSPISTOKE"
"7871";"JÄNNITTEEN MUUNTAJA AJOVOIMA-AKKU"
"7832";"AJOVOIMA AKKU"
"7835";"HYBRIDI-INVERTTERI"
"7834";"DC/DC HYBRIDI MUUNNIN"
"1094";"KAIUTIN MOOTTORIÄÄNI SÄHKÖAUTO"
"7719";"KICKDOWNVAIJERI"
